期号,开奖日期,星期,前区1,前区2,前区3,前区4,前区5,后区1,后区2,前区和值,前区跨度,AC值,奇偶比,大小比,后区和值,后区跨度
2020001,2020-01-01,周三,17,25,26,32,34,04,07,134,17,4,2:3,4:1,11,3
2020002,2020-01-04,周六,03,07,18,25,30,02,07,83,27,6,3:2,3:2,9,5
2020003,2020-01-06,周一,23,25,26,30,34,03,07,138,11,5,2:3,5:0,10,4
2020004,2020-01-08,周三,17,20,21,29,30,05,09,117,13,4,3:2,4:1,14,4
2020005,2020-01-11,周六,06,10,33,34,35,01,03,118,29,5,2:3,3:2,4,2
2020006,2020-01-13,周一,09,22,25,31,32,08,12,119,23,6,3:2,4:1,20,4
2020007,2020-01-15,周三,02,10,19,24,30,05,08,85,28,6,1:4,3:2,13,3
2020008,2020-01-18,周六,14,17,19,24,32,01,06,106,18,5,2:3,3:2,7,5
2020009,2020-01-20,周一,19,29,31,34,35,06,10,148,16,6,4:1,5:0,16,4
2020010,2020-03-14,周六,01,08,13,24,32,02,09,78,31,6,2:3,2:3,11,7
2020011,2020-03-16,周一,02,13,19,22,23,02,07,79,21,6,3:2,3:2,9,5
2020012,2020-03-18,周三,01,06,18,32,34,01,03,91,33,6,1:4,3:2,4,2
2020013,2020-03-21,周六,01,04,05,11,35,03,09,56,34,6,4:1,1:4,12,6
2020014,2020-03-23,周一,03,07,09,17,21,03,06,57,18,4,5:0,1:4,9,3
2020015,2020-03-25,周三,01,07,23,24,26,03,07,81,25,6,3:2,3:2,10,4
2020016,2020-03-28,周六,04,08,19,31,35,01,02,97,31,4,3:2,3:2,3,1
2020017,2020-03-30,周一,01,06,07,09,10,02,11,33,9,4,3:2,0:5,13,9
2020018,2020-04-01,周三,09,14,16,24,26,04,12,89,17,4,1:4,2:3,16,8
2020019,2020-04-04,周六,01,12,22,23,33,01,12,91,32,2,3:2,3:2,13,11
2020020,2020-04-06,周一,08,10,12,26,32,05,09,88,24,5,0:5,2:3,14,4
2020021,2020-04-08,周三,10,12,24,31,33,04,09,110,23,4,2:3,3:2,13,5
2020022,2020-04-11,周六,04,14,20,28,35,02,03,101,31,6,1:4,3:2,5,1
2020023,2020-04-13,周一,04,11,23,26,30,01,06,94,26,4,2:3,3:2,7,5
2020024,2020-04-15,周三,03,05,06,24,30,03,07,68,27,6,2:3,2:3,10,4
2020025,2020-04-18,周六,02,14,21,22,26,05,07,85,24,5,1:4,3:2,12,2
2020026,2020-04-20,周一,03,15,26,32,34,08,12,110,31,6,2:3,3:2,20,4
2020027,2020-04-22,周三,04,07,20,25,32,03,09,88,28,6,2:3,3:2,12,6
2020028,2020-04-25,周六,04,05,28,34,35,01,08,106,31,4,2:3,3:2,9,7
2020029,2020-04-27,周一,11,14,17,22,30,07,09,94,19,4,2:3,2:3,16,2
2020030,2020-04-29,周三,01,08,17,27,30,05,06,83,29,6,3:2,2:3,11,1
2020031,2020-05-02,周六,01,02,05,15,21,04,05,44,20,6,4:1,1:4,9,1
2020032,2020-05-04,周一,02,03,09,16,32,03,04,62,30,5,2:3,1:4,7,1
2020033,2020-05-06,周三,07,19,20,31,34,05,08,111,27,5,3:2,4:1,13,3
2020034,2020-05-09,周六,11,13,20,27,31,02,04,102,20,5,4:1,3:2,6,2
2020035,2020-05-11,周一,10,11,22,26,28,02,04,97,18,6,1:4,3:2,6,2
2020036,2020-05-13,周三,01,05,11,12,26,02,07,55,25,6,3:2,1:4,9,5
2020037,2020-05-16,周六,01,04,10,11,14,02,05,40,13,4,2:3,0:5,7,3
2020038,2020-05-18,周一,04,15,20,22,24,01,09,85,20,5,1:4,3:2,10,8
2020039,2020-05-20,周三,01,05,15,22,31,02,09,74,30,6,4:1,2:3,11,7
2020040,2020-05-23,周六,02,17,20,28,29,01,07,96,27,6,2:3,3:2,8,6
2020041,2020-05-25,周一,07,13,20,29,34,04,07,103,27,6,3:2,3:2,11,3
2020042,2020-05-27,周三,03,04,05,11,22,05,06,45,19,5,3:2,1:4,11,1
2020043,2020-05-30,周六,12,13,17,31,32,01,06,105,20,4,3:2,2:3,7,5
2020044,2020-06-01,周一,01,03,22,28,30,02,05,84,29,4,2:3,3:2,7,3
2020045,2020-06-03,周三,02,09,16,23,27,03,08,77,25,3,3:2,2:3,11,5
2020046,2020-06-06,周六,15,24,27,30,34,04,12,130,19,5,2:3,4:1,16,8
2020047,2020-06-08,周一,04,18,27,28,30,03,10,107,26,6,1:4,4:1,13,7
2020048,2020-06-10,周三,03,09,10,15,16,07,09,53,13,2,3:2,0:5,16,2
2020049,2020-06-13,周六,03,11,15,22,30,08,10,81,27,4,3:2,2:3,18,2
2020050,2020-06-15,周一,03,14,16,22,34,02,06,89,31,6,1:4,2:3,8,4
2020051,2020-06-17,周三,02,07,09,19,33,01,07,70,31,6,4:1,2:3,8,6
2020052,2020-06-20,周六,09,11,26,28,35,06,07,109,26,4,3:2,3:2,13,1
2020053,2020-06-22,周一,02,15,18,21,27,03,06,83,25,4,3:2,3:2,9,3
2020054,2020-06-24,周三,11,14,15,19,20,03,07,79,9,3,3:2,2:3,10,4
2020055,2020-06-27,周六,03,04,12,18,34,10,12,71,31,6,1:4,2:3,22,2
2020056,2020-06-29,周一,03,11,25,29,34,03,06,102,31,6,4:1,3:2,9,3
2020057,2020-07-01,周三,17,20,21,22,31,02,08,111,14,5,3:2,4:1,10,6
2020058,2020-07-04,周六,01,15,19,26,27,05,10,88,26,6,4:1,3:2,15,5
2020059,2020-07-06,周一,01,15,22,28,32,03,11,98,31,6,2:3,3:2,14,8
2020060,2020-07-08,周三,12,14,25,34,35,03,12,120,23,6,2:3,3:2,15,9
2020061,2020-07-11,周六,07,08,12,21,26,01,06,74,19,4,2:3,2:3,7,5
2020062,2020-07-13,周一,01,05,14,23,31,02,07,74,30,5,4:1,2:3,9,5
2020063,2020-07-15,周三,11,18,20,21,33,06,07,103,22,6,3:2,4:1,13,1
2020064,2020-07-18,周六,05,10,23,34,35,01,11,107,30,6,3:2,3:2,12,10
2020065,2020-07-20,周一,13,15,26,32,33,05,07,119,20,6,3:2,3:2,12,2
2020066,2020-07-22,周三,06,14,21,34,35,03,10,110,29,6,2:3,3:2,13,7
2020067,2020-07-25,周六,01,08,14,16,28,04,10,67,27,6,1:4,1:4,14,6
2020068,2020-07-27,周一,15,20,23,26,33,02,08,117,18,5,3:2,4:1,10,6
2020069,2020-07-29,周三,05,07,26,30,31,07,10,99,26,6,3:2,3:2,17,3
2020070,2020-08-01,周六,01,22,30,31,32,04,12,116,31,5,2:3,4:1,16,8
2020071,2020-08-03,周一,01,12,16,28,33,03,12,90,32,6,2:3,2:3,15,9
2020072,2020-08-05,周三,11,15,18,20,27,05,06,91,16,4,3:2,3:2,11,1
2020073,2020-08-08,周六,04,10,12,23,27,08,09,76,23,6,2:3,2:3,17,1
2020074,2020-08-10,周一,03,09,10,12,21,04,11,55,18,5,3:2,1:4,15,7
2020075,2020-08-12,周三,02,09,10,21,35,01,07,77,33,6,3:2,2:3,8,6
2020076,2020-08-15,周六,01,08,18,28,30,10,12,85,29,5,1:4,3:2,22,2
2020077,2020-08-17,周一,17,23,28,29,32,01,03,129,15,5,3:2,4:1,4,2
2020078,2020-08-19,周三,14,18,20,28,34,10,11,114,20,4,0:5,4:1,21,1
2020079,2020-08-22,周六,04,16,24,29,35,02,12,108,31,6,2:3,3:2,14,10
2020080,2020-08-24,周一,03,06,22,24,25,09,10,80,22,4,2:3,3:2,19,1
2020081,2020-08-26,周三,01,13,15,32,35,08,10,96,34,6,4:1,2:3,18,2
2020082,2020-08-29,周六,02,11,12,21,34,04,08,80,32,4,2:3,2:3,12,4
2020083,2020-08-31,周一,01,02,17,32,34,04,09,86,33,5,2:3,2:3,13,5
2020084,2020-09-02,周三,02,10,20,24,31,06,12,87,29,6,1:4,3:2,18,6
2020085,2020-09-05,周六,03,04,11,15,28,02,03,61,25,6,3:2,1:4,5,1
2020086,2020-09-07,周一,08,11,15,20,28,04,10,82,20,6,2:3,2:3,14,6
2020087,2020-09-09,周三,01,04,20,23,29,04,08,77,28,4,3:2,3:2,12,4
2020088,2020-09-12,周六,02,07,23,26,35,01,12,93,33,6,3:2,3:2,13,11
2020089,2020-09-14,周一,13,16,20,22,27,01,02,98,14,5,2:3,3:2,3,1
2020090,2020-09-16,周三,05,06,27,28,29,11,12,95,24,2,3:2,3:2,23,1
2020091,2020-09-19,周六,12,16,20,23,31,05,12,102,19,3,2:3,3:2,17,7
2020092,2020-09-21,周一,08,11,17,31,35,07,11,102,27,6,4:1,2:3,18,4
2020093,2020-09-23,周三,06,14,25,27,28,04,11,100,22,6,2:3,3:2,15,7
2020094,2020-09-26,周六,04,06,07,08,16,02,08,41,12,4,1:4,0:5,10,6
2020095,2020-09-28,周一,02,18,25,26,32,02,07,103,30,5,1:4,4:1,9,5
2020096,2020-09-30,周三,07,08,10,25,28,03,11,78,21,4,2:3,2:3,14,8
2020097,2020-10-05,周一,05,25,27,30,34,06,12,121,29,6,3:2,4:1,18,6
2020098,2020-10-07,周三,04,09,15,24,35,04,10,87,31,4,3:2,2:3,14,6
2020099,2020-10-10,周六,02,03,11,15,27,04,12,58,25,5,4:1,1:4,16,8
2020100,2020-10-12,周一,04,05,08,22,33,07,10,72,29,6,2:3,2:3,17,3
2020101,2020-10-14,周三,03,04,05,09,34,07,09,55,31,5,3:2,1:4,16,2
2020102,2020-10-17,周六,07,11,18,20,29,09,12,85,22,4,3:2,3:2,21,3
2020103,2020-10-19,周一,07,12,13,19,23,02,08,74,16,5,4:1,2:3,10,6
2020104,2020-10-21,周三,03,12,23,26,30,04,07,94,27,6,2:3,3:2,11,3
2020105,2020-10-24,周六,03,08,12,13,22,04,12,58,19,3,2:3,1:4,16,8
2020106,2020-10-26,周一,02,03,11,14,27,04,10,57,25,6,3:2,1:4,14,6
2020107,2020-10-28,周三,01,04,13,17,28,03,07,63,27,6,3:2,1:4,10,4
2020108,2020-10-31,周六,02,03,06,07,33,08,09,51,31,4,3:2,1:4,17,1
2020109,2020-11-02,周一,02,20,21,23,32,06,12,98,30,6,2:3,4:1,18,6
2020110,2020-11-04,周三,11,16,20,21,28,05,11,96,17,5,2:3,3:2,16,6
2020111,2020-11-07,周六,05,07,09,20,28,02,07,69,23,5,3:2,2:3,9,5
2020112,2020-11-09,周一,08,11,13,30,32,02,06,94,24,4,2:3,2:3,8,4
2020113,2020-11-11,周三,06,14,18,28,33,02,05,99,27,6,1:4,3:2,7,3
2020114,2020-11-14,周六,10,12,21,24,30,03,07,97,20,5,1:4,3:2,10,4
2020115,2020-11-16,周一,01,09,18,19,23,01,09,70,22,6,4:1,3:2,10,8
2020116,2020-11-18,周三,08,10,12,16,22,03,09,68,14,3,0:5,1:4,12,6
2020117,2020-11-21,周六,07,19,20,23,24,05,10,93,17,4,3:2,4:1,15,5
2020118,2020-11-23,周一,01,09,15,30,33,04,09,88,32,6,4:1,2:3,13,5
2020119,2020-11-25,周三,14,22,24,28,32,07,08,120,18,3,0:5,4:1,15,1
2020120,2020-11-28,周六,05,25,26,30,35,04,10,121,30,5,3:2,4:1,14,6
2020121,2020-11-30,周一,09,17,27,28,35,03,08,116,26,4,4:1,3:2,11,5
2020122,2020-12-02,周三,08,19,29,34,35,06,11,125,27,6,3:2,4:1,17,5
2020123,2020-12-05,周六,01,07,11,15,21,04,11,55,20,2,5:0,1:4,15,7
2020124,2020-12-07,周一,11,15,24,26,35,04,05,111,24,4,3:2,3:2,9,1
2020125,2020-12-09,周三,01,02,03,08,22,01,04,36,21,5,2:3,1:4,5,3
2020126,2020-12-12,周六,01,04,09,22,28,04,12,64,27,6,2:3,2:3,16,8
2020127,2020-12-14,周一,01,04,17,18,26,03,10,66,25,6,2:3,2:3,13,7
2020128,2020-12-16,周三,09,12,13,26,33,04,10,93,24,6,3:2,2:3,14,6
2020129,2020-12-19,周六,10,22,27,33,34,01,11,126,24,5,2:3,4:1,12,10
2020130,2020-12-21,周一,16,17,23,26,32,02,12,114,16,4,2:3,3:2,14,10
2020131,2020-12-23,周三,08,25,27,29,35,02,03,124,27,5,4:1,4:1,5,1
2020132,2020-12-26,周六,03,15,16,17,21,07,10,72,18,5,4:1,1:4,17,3
2020133,2020-12-28,周一,11,24,26,33,35,08,09,129,24,4,3:2,4:1,17,1
2020134,2020-12-30,周三,08,11,13,22,25,04,07,79,17,4,3:2,2:3,11,3
2021001,2021-01-02,周六,02,06,12,19,33,08,09,72,31,6,2:3,2:3,17,1
2021002,2021-01-04,周一,02,16,26,31,34,09,11,109,32,6,1:4,3:2,20,2
2021003,2021-01-06,周三,07,21,28,31,35,04,10,122,28,4,4:1,4:1,14,6
2021004,2021-01-09,周六,05,10,17,23,28,02,08,83,23,4,3:2,2:3,10,6
2021005,2021-01-11,周一,03,07,10,12,35,03,05,67,32,6,3:2,1:4,8,2
2021006,2021-01-13,周三,04,22,25,28,35,04,05,114,31,5,2:3,4:1,9,1
2021007,2021-01-16,周六,05,23,30,34,35,08,10,127,30,6,3:2,4:1,18,2
2021008,2021-01-18,周一,05,19,20,27,33,03,08,104,28,5,4:1,4:1,11,5
2021009,2021-01-20,周三,01,03,20,29,32,05,12,85,31,6,3:2,3:2,17,7
2021010,2021-01-23,周六,01,05,16,22,34,08,11,78,33,6,2:3,2:3,19,3
2021011,2021-01-25,周一,06,09,11,14,21,01,03,61,15,4,3:2,1:4,4,2
2021012,2021-01-27,周三,06,12,20,23,33,01,09,94,27,6,2:3,3:2,10,8
2021013,2021-01-30,周六,21,27,28,30,34,08,11,140,13,4,2:3,5:0,19,3
2021014,2021-02-01,周一,07,13,20,27,29,04,09,96,22,5,4:1,3:2,13,5
2021015,2021-02-03,周三,04,08,17,19,25,01,07,73,21,6,3:2,2:3,8,6
2021016,2021-02-06,周六,08,09,10,19,34,01,02,80,26,5,2:3,2:3,3,1
2021017,2021-02-08,周一,17,21,26,29,32,02,07,125,15,5,3:2,4:1,9,5
2021018,2021-02-20,周六,02,20,23,26,34,05,10,105,32,5,1:4,4:1,15,5
2021019,2021-02-22,周一,01,12,13,28,29,03,04,83,28,4,3:2,2:3,7,1
2021020,2021-02-24,周三,07,21,22,30,33,04,06,113,26,6,3:2,4:1,10,2
2021021,2021-02-27,周六,16,18,29,33,35,09,12,131,19,4,3:2,4:1,21,3
2021022,2021-03-01,周一,02,12,22,30,33,02,04,99,31,5,1:4,3:2,6,2
2021023,2021-03-03,周三,07,09,13,16,32,02,09,77,25,6,3:2,1:4,11,7
2021024,2021-03-06,周六,11,14,21,24,31,02,10,101,20,2,3:2,3:2,12,8
2021025,2021-03-08,周一,17,18,23,30,31,10,12,119,14,4,3:2,4:1,22,2
2021026,2021-03-10,周三,07,11,20,24,27,01,11,89,20,4,3:2,3:2,12,10
2021027,2021-03-13,周六,09,21,22,26,30,04,12,108,21,5,2:3,4:1,16,8
2021028,2021-03-15,周一,02,03,05,17,29,04,10,56,27,5,4:1,1:4,14,6
2021029,2021-03-17,周三,02,06,10,32,33,04,07,83,31,5,1:4,2:3,11,3
2021030,2021-03-20,周六,18,23,25,26,32,02,07,124,14,5,2:3,5:0,9,5
2021031,2021-03-22,周一,01,04,19,20,34,03,05,78,33,5,2:3,3:2,8,2
2021032,2021-03-24,周三,01,11,14,34,35,07,10,95,34,6,3:2,2:3,17,3
2021033,2021-03-27,周六,01,03,05,30,32,01,05,71,31,2,3:2,2:3,6,4
2021034,2021-03-29,周一,08,10,14,25,34,07,08,91,26,6,1:4,2:3,15,1
2021035,2021-03-31,周三,05,11,16,30,32,03,04,94,27,6,2:3,2:3,7,1
2021036,2021-04-03,周六,08,17,25,28,33,07,11,111,25,5,3:2,3:2,18,4
2021037,2021-04-05,周一,10,21,27,29,33,04,12,120,23,5,4:1,4:1,16,8
2021038,2021-04-07,周三,09,11,20,29,32,01,07,101,23,5,3:2,3:2,8,6
2021039,2021-04-10,周六,04,12,14,21,35,02,11,86,31,6,2:3,2:3,13,9
2021040,2021-04-12,周一,02,03,09,16,19,03,07,49,17,5,3:2,1:4,10,4
2021041,2021-04-14,周三,02,05,09,11,32,04,09,59,30,6,3:2,1:4,13,5
2021042,2021-04-17,周六,09,15,20,23,29,04,05,96,20,4,4:1,3:2,9,1
2021043,2021-04-19,周一,07,12,17,19,34,01,10,89,27,5,3:2,2:3,11,9
2021044,2021-04-21,周三,06,18,31,33,35,10,11,123,29,5,3:2,4:1,21,1
2021045,2021-04-24,周六,01,04,06,11,19,07,09,41,18,5,3:2,1:4,16,2
2021046,2021-04-26,周一,06,08,12,14,18,06,08,58,12,2,0:5,1:4,14,2
2021047,2021-04-28,周三,01,06,09,25,33,04,08,74,32,4,4:1,2:3,12,4
2021048,2021-05-01,周六,04,07,17,21,27,10,12,76,23,5,4:1,2:3,22,2
2021049,2021-05-03,周一,01,10,22,23,25,02,12,81,24,6,3:2,3:2,14,10
2021050,2021-05-05,周三,09,22,32,33,35,05,10,131,26,5,3:2,4:1,15,5
2021051,2021-05-08,周六,01,04,14,16,19,03,04,54,18,4,2:3,1:4,7,1
2021052,2021-05-10,周一,02,11,13,14,30,09,12,70,28,6,2:3,1:4,21,3
2021053,2021-05-12,周三,03,06,15,17,35,07,11,76,32,6,4:1,1:4,18,4
2021054,2021-05-15,周六,03,06,17,20,25,03,09,71,22,4,3:2,2:3,12,6
2021055,2021-05-17,周一,03,06,10,11,24,10,11,54,21,6,2:3,1:4,21,1
2021056,2021-05-19,周三,03,11,16,21,26,09,10,77,23,3,3:2,2:3,19,1
2021057,2021-05-22,周六,05,07,19,20,28,05,07,79,23,6,3:2,3:2,12,2
2021058,2021-05-24,周一,13,15,17,23,34,01,11,102,21,5,4:1,2:3,12,10
2021059,2021-05-26,周三,04,16,27,28,35,02,09,110,31,5,2:3,3:2,11,7
2021060,2021-05-29,周六,09,13,25,31,33,03,07,111,24,6,5:0,3:2,10,4
2021061,2021-05-31,周一,15,19,20,26,32,04,07,112,17,5,2:3,4:1,11,3
2021062,2021-06-02,周三,04,06,23,32,34,05,07,99,30,4,1:4,3:2,12,2
2021063,2021-06-05,周六,05,09,14,29,30,09,11,87,25,6,3:2,2:3,20,2
2021064,2021-06-07,周一,01,17,19,32,34,06,10,103,33,4,3:2,3:2,16,4
2021065,2021-06-09,周三,23,25,30,31,35,07,08,144,12,5,4:1,5:0,15,1
2021066,2021-06-12,周六,24,26,29,34,35,09,11,148,11,5,2:3,5:0,20,2
2021067,2021-06-14,周一,01,04,22,23,34,08,09,84,33,6,2:3,3:2,17,1
2021068,2021-06-16,周三,02,20,21,26,30,02,10,99,28,6,1:4,4:1,12,8
2021069,2021-06-19,周六,01,03,24,32,33,04,06,93,32,6,3:2,3:2,10,2
2021070,2021-06-21,周一,03,20,21,22,24,06,12,90,21,4,2:3,4:1,18,6
2021071,2021-06-23,周三,08,11,16,29,35,01,04,99,27,6,3:2,2:3,5,3
2021072,2021-06-26,周六,02,03,15,22,26,03,11,68,24,6,2:3,2:3,14,8
2021073,2021-06-28,周一,08,12,14,20,24,06,10,78,16,3,0:5,2:3,16,4
2021074,2021-06-30,周三,11,14,18,20,25,03,07,88,14,5,2:3,3:2,10,4
2021075,2021-07-03,周六,06,14,15,17,20,01,05,72,14,5,2:3,1:4,6,4
2021076,2021-07-05,周一,06,13,22,25,26,02,04,92,20,6,2:3,3:2,6,2
2021077,2021-07-07,周三,02,06,09,21,25,06,08,63,23,4,3:2,2:3,14,2
2021078,2021-07-10,周六,02,08,17,19,25,01,05,71,23,4,3:2,2:3,6,4
2021079,2021-07-12,周一,06,14,19,26,33,08,11,98,27,5,2:3,3:2,19,3
2021080,2021-07-14,周三,15,16,20,29,30,06,10,110,15,4,2:3,3:2,16,4
2021081,2021-07-17,周六,05,13,24,29,35,07,08,106,30,5,4:1,3:2,15,1
2021082,2021-07-19,周一,01,14,22,29,33,03,10,99,32,6,3:2,3:2,13,7
2021083,2021-07-21,周三,07,09,11,26,35,01,08,88,28,5,4:1,2:3,9,7
2021084,2021-07-24,周六,02,10,14,30,33,06,09,89,31,6,1:4,2:3,15,3
2021085,2021-07-26,周一,01,12,15,26,35,10,11,89,34,4,3:2,2:3,21,1
2021086,2021-07-28,周三,02,03,07,16,17,06,10,45,15,4,3:2,0:5,16,4
2021087,2021-07-31,周六,10,14,15,25,28,03,10,92,18,6,2:3,2:3,13,7
2021088,2021-08-02,周一,02,14,31,34,35,01,07,116,33,6,2:3,3:2,8,6
2021089,2021-08-04,周三,01,17,24,28,35,10,12,105,34,4,3:2,3:2,22,2
2021090,2021-08-07,周六,06,07,19,26,32,06,12,90,26,5,2:3,3:2,18,6
2021091,2021-08-09,周一,01,04,10,21,29,03,05,65,28,6,3:2,2:3,8,2
2021092,2021-08-11,周三,12,14,27,28,34,03,07,115,22,6,1:4,3:2,10,4
2021093,2021-08-14,周六,20,25,27,28,31,08,11,131,11,5,3:2,5:0,19,3
2021094,2021-08-16,周一,05,06,24,27,33,05,12,95,28,6,3:2,3:2,17,7
2021095,2021-08-18,周三,10,15,19,20,30,11,12,94,20,4,2:3,3:2,23,1
2021096,2021-08-21,周六,07,08,10,20,21,01,05,66,14,4,2:3,2:3,6,4
2021097,2021-08-23,周一,11,26,30,31,33,03,10,131,22,6,3:2,4:1,13,7
2021098,2021-08-25,周三,02,07,21,27,33,07,09,90,31,5,4:1,3:2,16,2
2021099,2021-08-28,周六,15,19,27,28,30,03,04,119,15,6,3:2,4:1,7,1
2021100,2021-08-30,周一,07,11,23,26,28,02,07,95,21,6,3:2,3:2,9,5
2021101,2021-09-01,周三,13,18,19,27,32,06,11,109,19,4,3:2,4:1,17,5
2021102,2021-09-04,周六,02,08,11,16,23,02,07,60,21,6,2:3,1:4,9,5
2021103,2021-09-06,周一,04,10,23,30,31,05,11,98,27,6,2:3,3:2,16,6
2021104,2021-09-08,周三,23,25,26,30,33,03,11,137,10,4,3:2,5:0,14,8
2021105,2021-09-11,周六,07,10,11,17,18,04,09,63,11,4,3:2,1:4,13,5
2021106,2021-09-13,周一,02,13,14,32,34,02,12,95,32,6,1:4,2:3,14,10
2021107,2021-09-15,周三,03,05,13,20,25,07,11,66,22,6,4:1,2:3,18,4
2021108,2021-09-18,周六,05,19,22,26,35,02,06,107,30,6,3:2,4:1,8,4
2021109,2021-09-20,周一,03,04,07,27,31,06,09,72,28,4,4:1,2:3,15,3
2021110,2021-09-22,周三,11,14,29,31,32,11,12,117,21,4,3:2,3:2,23,1
2021111,2021-09-25,周六,07,08,15,19,28,08,09,77,21,6,3:2,2:3,17,1
2021112,2021-09-27,周一,18,21,22,23,35,11,12,119,17,5,3:2,5:0,23,1
2021113,2021-09-29,周三,17,18,25,27,28,04,08,115,11,4,3:2,4:1,12,4
2021114,2021-10-06,周三,08,09,13,29,30,01,11,89,22,4,3:2,2:3,12,10
2021115,2021-10-09,周六,08,13,19,20,29,06,10,89,21,6,3:2,3:2,16,4
2021116,2021-10-11,周一,04,25,28,29,35,03,11,121,31,6,3:2,4:1,14,8
2021117,2021-10-13,周三,11,18,21,22,33,05,06,105,22,5,3:2,4:1,11,1
2021118,2021-10-16,周六,14,17,18,28,34,02,03,111,20,6,1:4,3:2,5,1
2021119,2021-10-18,周一,01,02,09,16,30,09,10,58,29,4,2:3,1:4,19,1
2021120,2021-10-20,周三,05,10,21,25,31,05,11,92,26,6,4:1,3:2,16,6
2021121,2021-10-23,周六,02,15,19,29,30,02,09,95,28,6,3:2,3:2,11,7
2021122,2021-10-25,周一,14,15,26,27,29,04,05,111,15,4,3:2,3:2,9,1
2021123,2021-10-27,周三,08,23,26,27,33,08,09,117,25,6,3:2,4:1,17,1
2021124,2021-10-30,周六,10,17,22,25,35,07,09,109,25,6,3:2,3:2,16,2
2021125,2021-11-01,周一,17,19,21,27,31,04,09,115,14,3,5:0,4:1,13,5
2021126,2021-11-03,周三,01,11,12,34,35,09,12,93,34,4,3:2,2:3,21,3
2021127,2021-11-06,周六,01,02,15,17,26,02,11,61,25,6,3:2,1:4,13,9
2021128,2021-11-08,周一,14,17,18,23,27,05,08,99,13,4,3:2,3:2,13,3
2021129,2021-11-10,周三,02,16,17,18,34,04,10,87,32,4,1:4,2:3,14,6
2021130,2021-11-13,周六,02,03,14,27,28,05,10,74,26,4,2:3,2:3,15,5
2021131,2021-11-15,周一,06,08,16,34,35,05,06,99,29,6,1:4,2:3,11,1
2021132,2021-11-17,周三,04,21,28,29,33,03,11,115,29,6,3:2,4:1,14,8
2021133,2021-11-20,周六,08,09,17,26,28,06,08,88,20,5,2:3,2:3,14,2
2021134,2021-11-22,周一,02,06,14,19,28,01,06,69,26,6,1:4,2:3,7,5
2021135,2021-11-24,周三,04,07,17,29,31,05,06,88,27,6,4:1,2:3,11,1
2021136,2021-11-27,周六,08,12,19,27,33,02,05,99,25,6,3:2,3:2,7,3
2021137,2021-11-29,周一,02,07,13,14,19,04,05,55,17,3,3:2,1:4,9,1
2021138,2021-12-01,周三,09,11,12,15,31,05,11,78,22,5,4:1,1:4,16,6
2021139,2021-12-04,周六,05,13,18,23,34,08,09,93,29,5,3:2,3:2,17,1
2021140,2021-12-06,周一,05,24,26,33,35,09,12,123,30,4,3:2,4:1,21,3
2021141,2021-12-08,周三,02,08,16,29,34,05,12,89,32,6,1:4,2:3,17,7
2021142,2021-12-11,周六,11,13,17,19,25,02,09,85,14,2,5:0,2:3,11,7
2021143,2021-12-13,周一,09,17,19,29,34,04,11,108,25,5,4:1,3:2,15,7
2021144,2021-12-15,周三,03,20,25,30,34,02,09,112,31,5,2:3,4:1,11,7
2021145,2021-12-18,周六,03,08,25,29,30,01,06,95,27,4,3:2,3:2,7,5
2021146,2021-12-20,周一,03,05,08,18,20,09,11,54,17,4,2:3,2:3,20,2
2021147,2021-12-22,周三,01,02,08,12,26,01,07,49,25,6,1:4,1:4,8,6
2021148,2021-12-25,周六,01,04,12,16,29,04,08,62,28,6,2:3,1:4,12,4
2021149,2021-12-27,周一,20,26,28,30,35,10,11,139,15,5,1:4,5:0,21,1
2021150,2021-12-29,周三,04,10,11,23,26,07,10,74,22,6,2:3,2:3,17,3
2022001,2022-01-01,周六,08,11,19,22,29,03,11,89,21,4,3:2,3:2,14,8
2022002,2022-01-03,周一,04,06,07,09,24,04,12,50,20,4,2:3,1:4,16,8
2022003,2022-01-05,周三,02,18,24,25,34,08,12,103,32,5,1:4,4:1,20,4
2022004,2022-01-08,周六,07,20,27,30,33,03,04,117,26,4,3:2,4:1,7,1
2022005,2022-01-10,周一,02,13,17,19,34,05,09,85,32,4,3:2,2:3,14,4
2022006,2022-01-12,周三,01,05,07,17,20,05,12,50,19,6,4:1,1:4,17,7
2022007,2022-01-15,周六,05,22,23,25,35,03,11,110,30,6,4:1,4:1,14,8
2022008,2022-01-17,周一,01,02,13,18,34,06,07,68,33,5,2:3,2:3,13,1
2022009,2022-01-19,周三,13,14,18,31,33,07,10,109,20,6,3:2,3:2,17,3
2022010,2022-01-22,周六,04,19,25,31,35,02,11,114,31,5,4:1,4:1,13,9
2022011,2022-01-24,周一,03,05,17,24,32,05,12,81,29,6,3:2,2:3,17,7
2022012,2022-01-26,周三,03,05,10,33,34,07,10,85,31,6,3:2,2:3,17,3
2022013,2022-02-09,周三,04,09,16,25,32,05,06,86,28,4,2:3,2:3,11,1
2022014,2022-02-12,周六,01,04,10,18,32,01,09,65,31,5,1:4,2:3,10,8
2022015,2022-02-14,周一,01,02,08,12,30,05,12,53,29,6,1:4,1:4,17,7
2022016,2022-02-16,周三,01,07,17,26,32,01,09,83,31,4,3:2,2:3,10,8
2022017,2022-02-19,周六,10,14,18,23,25,07,11,90,15,5,2:3,3:2,18,4
2022018,2022-02-21,周一,16,21,29,31,34,06,09,131,18,4,3:2,4:1,15,3
2022019,2022-02-23,周三,01,04,07,17,21,01,02,50,20,5,4:1,1:4,3,1
2022020,2022-02-26,周六,16,17,30,31,35,08,09,129,19,4,3:2,3:2,17,1
2022021,2022-02-28,周一,11,15,16,18,35,06,09,95,24,6,3:2,2:3,15,3
2022022,2022-03-02,周三,01,05,14,17,28,06,07,65,27,6,3:2,1:4,13,1
2022023,2022-03-05,周六,04,05,18,20,25,11,12,72,21,6,2:3,3:2,23,1
2022024,2022-03-07,周一,01,02,11,30,35,01,12,79,34,6,3:2,2:3,13,11
2022025,2022-03-09,周三,04,07,22,24,29,01,07,86,25,6,2:3,3:2,8,6
2022026,2022-03-12,周六,11,14,22,23,27,08,10,97,16,6,3:2,3:2,18,2
2022027,2022-03-14,周一,03,06,11,31,32,05,12,83,29,6,3:2,2:3,17,7
2022028,2022-03-16,周三,04,09,16,17,35,01,07,81,31,6,3:2,1:4,8,6
2022029,2022-03-19,周六,07,08,10,14,17,10,12,56,10,4,2:3,0:5,22,2
2022030,2022-03-21,周一,12,14,15,21,30,01,09,92,18,5,2:3,2:3,10,8
2022031,2022-03-23,周三,07,14,16,20,28,04,08,85,21,6,1:4,2:3,12,4
2022032,2022-03-26,周六,05,09,18,31,32,01,05,95,27,5,3:2,3:2,6,4
2022033,2022-03-28,周一,08,15,16,19,33,03,04,91,25,6,3:2,2:3,7,1
2022034,2022-03-30,周三,02,10,24,27,28,06,07,91,26,6,1:4,3:2,13,1
2022035,2022-04-02,周六,09,11,13,23,31,05,08,87,22,5,5:0,2:3,13,3
2022036,2022-04-04,周一,18,19,21,26,34,06,07,118,16,5,2:3,5:0,13,1
2022037,2022-04-06,周三,01,09,17,20,28,06,10,75,27,2,3:2,2:3,16,4
2022038,2022-04-09,周六,07,09,11,12,26,09,12,65,19,5,3:2,1:4,21,3
2022039,2022-04-11,周一,01,08,11,22,31,05,11,73,30,6,3:2,2:3,16,6
2022040,2022-04-13,周三,10,19,25,29,33,08,12,116,23,5,4:1,4:1,20,4
2022041,2022-04-16,周六,05,15,25,26,33,06,11,104,28,5,4:1,3:2,17,5
2022042,2022-04-18,周一,08,10,11,29,32,02,06,90,24,4,2:3,2:3,8,4
2022043,2022-04-20,周三,02,16,17,24,30,09,12,89,28,5,1:4,2:3,21,3
2022044,2022-04-23,周六,01,02,16,17,20,03,07,56,19,4,2:3,1:4,10,4
2022045,2022-04-25,周一,02,03,07,12,20,01,05,44,18,5,2:3,1:4,6,4
2022046,2022-04-27,周三,06,07,12,22,27,03,05,74,21,4,2:3,2:3,8,2
2022047,2022-04-30,周六,07,10,11,12,33,03,11,73,26,5,3:2,1:4,14,8
2022048,2022-05-02,周一,16,22,28,29,32,08,09,127,16,5,1:4,4:1,17,1
2022049,2022-05-04,周三,06,10,20,28,35,01,10,99,29,6,1:4,3:2,11,9
2022050,2022-05-07,周六,02,10,21,24,30,08,10,87,28,6,1:4,3:2,18,2
2022051,2022-05-09,周一,01,16,17,19,33,05,06,86,32,5,4:1,2:3,11,1
2022052,2022-05-11,周三,01,13,18,29,35,04,09,96,34,5,4:1,3:2,13,5
2022053,2022-05-14,周六,09,17,19,20,25,01,09,90,16,5,4:1,3:2,10,8
2022054,2022-05-16,周一,05,16,21,23,34,07,10,99,29,4,3:2,3:2,17,3
2022055,2022-05-18,周三,01,02,12,15,23,04,06,53,22,5,3:2,1:4,10,2
2022056,2022-05-21,周六,02,11,15,17,31,07,09,76,29,6,4:1,1:4,16,2
2022057,2022-05-23,周一,06,12,18,21,35,07,10,92,29,5,2:3,3:2,17,3
2022058,2022-05-25,周三,03,04,24,26,35,07,08,92,32,6,2:3,3:2,15,1
2022059,2022-05-28,周六,04,15,18,32,34,04,09,103,30,5,1:4,3:2,13,5
2022060,2022-05-30,周一,02,06,10,11,20,03,09,49,18,4,1:4,1:4,12,6
2022061,2022-06-01,周三,06,09,19,22,30,01,06,86,24,4,2:3,3:2,7,5
2022062,2022-06-04,周六,05,09,11,12,31,07,11,68,26,6,4:1,1:4,18,4
2022063,2022-06-06,周一,02,03,22,26,31,06,10,84,29,6,2:3,3:2,16,4
2022064,2022-06-08,周三,02,19,22,25,35,05,07,103,33,5,3:2,4:1,12,2
2022065,2022-06-11,周六,05,10,13,22,28,01,04,78,23,6,2:3,2:3,5,3
2022066,2022-06-13,周一,02,24,25,26,34,03,12,111,32,5,1:4,4:1,15,9
2022067,2022-06-15,周三,04,14,15,32,33,10,11,98,29,4,2:3,2:3,21,1
2022068,2022-06-18,周六,03,06,10,15,23,03,08,57,20,6,3:2,1:4,11,5
2022069,2022-06-20,周一,02,03,23,28,35,02,09,91,33,6,3:2,3:2,11,7
2022070,2022-06-22,周三,01,07,17,23,35,07,11,83,34,4,5:0,2:3,18,4
2022071,2022-06-25,周六,09,15,19,25,29,08,09,97,20,2,5:0,3:2,17,1
2022072,2022-06-27,周一,01,12,13,15,30,03,07,71,29,6,3:2,1:4,10,4
2022073,2022-06-29,周三,11,18,21,25,32,02,04,107,21,3,3:2,4:1,6,2
2022074,2022-07-02,周六,02,06,21,25,28,02,06,82,26,4,2:3,3:2,8,4
2022075,2022-07-04,周一,04,12,13,17,18,07,09,64,14,4,2:3,1:4,16,2
2022076,2022-07-06,周三,05,17,30,34,35,02,09,121,30,6,3:2,3:2,11,7
2022077,2022-07-09,周六,05,10,11,16,19,01,10,61,14,4,3:2,1:4,11,9
2022078,2022-07-11,周一,02,03,18,20,27,01,02,70,25,6,2:3,3:2,3,1
2022079,2022-07-13,周三,07,10,19,26,32,08,12,94,25,6,2:3,3:2,20,4
2022080,2022-07-16,周六,10,17,30,31,34,03,06,122,24,6,2:3,3:2,9,3
2022081,2022-07-18,周一,05,10,19,31,32,09,10,97,27,6,3:2,3:2,19,1
2022082,2022-07-20,周三,04,26,27,30,33,02,09,120,29,5,2:3,4:1,11,7
2022083,2022-07-23,周六,02,09,17,26,32,04,06,86,30,5,2:3,2:3,10,2
2022084,2022-07-25,周一,03,11,19,25,27,04,12,85,24,3,5:0,3:2,16,8
2022085,2022-07-27,周三,11,16,31,33,35,06,08,126,24,5,4:1,3:2,14,2
2022086,2022-07-30,周六,04,10,21,28,31,08,11,94,27,6,2:3,3:2,19,3
2022087,2022-08-01,周一,04,06,10,24,28,06,12,72,24,4,0:5,2:3,18,6
2022088,2022-08-03,周三,01,08,10,20,35,06,11,74,34,6,2:3,2:3,17,5
2022089,2022-08-06,周六,01,20,21,31,33,03,11,106,32,6,4:1,4:1,14,8
2022090,2022-08-08,周一,01,20,24,25,31,09,12,101,30,6,3:2,4:1,21,3
2022091,2022-08-10,周三,02,11,20,22,34,04,12,89,32,5,1:4,3:2,16,8
2022092,2022-08-13,周六,01,04,12,23,29,05,12,69,28,5,3:2,2:3,17,7
2022093,2022-08-15,周一,07,11,14,21,29,07,10,82,22,5,4:1,2:3,17,3
2022094,2022-08-17,周三,03,04,07,12,19,02,05,45,16,6,3:2,1:4,7,3
2022095,2022-08-20,周六,05,08,22,25,35,02,07,95,30,4,3:2,3:2,9,5
2022096,2022-08-22,周一,16,19,24,27,33,01,06,119,17,4,3:2,4:1,7,5
2022097,2022-08-24,周三,05,13,22,28,29,05,11,97,24,6,3:2,3:2,16,6
2022098,2022-08-27,周六,01,03,06,11,13,03,11,34,12,3,4:1,0:5,14,8
2022099,2022-08-29,周一,07,18,25,27,33,04,05,110,26,6,4:1,4:1,9,1
2022100,2022-08-31,周三,10,19,20,23,31,03,07,103,21,6,3:2,4:1,10,4
2022101,2022-09-03,周六,02,04,06,07,08,03,06,27,6,2,1:4,0:5,9,3
2022102,2022-09-05,周一,01,05,14,20,30,02,04,70,29,6,2:3,2:3,6,2
2022103,2022-09-07,周三,08,12,16,21,32,01,12,89,24,5,1:4,2:3,13,11
2022104,2022-09-10,周六,03,05,13,19,25,02,05,65,22,5,5:0,2:3,7,3
2022105,2022-09-12,周一,01,08,09,21,22,01,04,61,21,4,3:2,2:3,5,3
2022106,2022-09-14,周三,16,17,21,28,32,04,07,114,16,4,2:3,3:2,11,3
2022107,2022-09-17,周六,07,09,19,28,29,08,10,92,22,5,4:1,3:2,18,2
2022108,2022-09-19,周一,04,07,13,26,28,07,11,78,24,6,2:3,2:3,18,4
2022109,2022-09-21,周三,05,09,24,29,35,05,12,102,30,6,4:1,3:2,17,7
2022110,2022-09-24,周六,02,13,16,18,23,03,06,72,21,5,2:3,2:3,9,3
2022111,2022-09-26,周一,06,12,16,19,31,06,10,84,25,6,2:3,2:3,16,4
2022112,2022-09-28,周三,04,11,18,20,26,06,12,79,22,5,1:4,3:2,18,6
2022113,2022-10-05,周三,13,15,22,31,33,05,12,114,20,3,4:1,3:2,17,7
2022114,2022-10-08,周六,11,21,24,27,28,05,10,111,17,5,3:2,4:1,15,5
2022115,2022-10-10,周一,17,19,20,23,27,03,08,106,10,4,4:1,4:1,11,5
2022116,2022-10-12,周三,01,07,20,22,31,07,12,81,30,6,3:2,3:2,19,5
2022117,2022-10-15,周六,09,12,15,21,32,02,07,89,23,4,3:2,2:3,9,5
2022118,2022-10-17,周一,02,05,15,17,26,02,08,65,24,6,3:2,1:4,10,6
2022119,2022-10-19,周三,01,09,16,25,29,04,09,80,28,6,4:1,2:3,13,5
2022120,2022-10-22,周六,11,22,26,30,33,03,05,122,22,4,2:3,4:1,8,2
2022121,2022-10-24,周一,04,15,16,20,21,04,05,76,17,4,2:3,2:3,9,1
2022122,2022-10-26,周三,04,15,17,19,25,06,12,80,21,5,4:1,2:3,18,6
2022123,2022-10-29,周六,02,20,28,29,30,07,10,109,28,5,1:4,4:1,17,3
2022124,2022-10-31,周一,02,04,11,25,30,06,12,72,28,6,2:3,2:3,18,6
2022125,2022-11-02,周三,03,07,14,16,19,01,11,59,16,6,3:2,1:4,12,10
2022126,2022-11-05,周六,04,05,08,22,35,01,03,74,31,6,2:3,2:3,4,2
2022127,2022-11-07,周一,02,03,08,09,20,04,10,42,18,4,2:3,1:4,14,6
2022128,2022-11-09,周三,10,19,21,23,35,04,10,108,25,5,4:1,4:1,14,6
2022129,2022-11-12,周六,10,17,23,34,35,01,04,119,25,6,3:2,3:2,5,3
2022130,2022-11-14,周一,05,07,15,18,23,05,10,68,18,5,4:1,2:3,15,5
2022131,2022-11-16,周三,02,06,08,10,17,05,06,43,15,4,1:4,0:5,11,1
2022132,2022-11-19,周六,02,27,30,34,35,09,12,128,33,6,2:3,4:1,21,3
2022133,2022-11-21,周一,01,02,14,30,31,06,09,78,30,4,2:3,2:3,15,3
2022134,2022-11-23,周三,03,16,23,27,32,03,06,101,29,6,3:2,3:2,9,3
2022135,2022-11-26,周六,09,10,27,31,32,01,03,109,23,4,3:2,3:2,4,2
2022136,2022-11-28,周一,01,11,15,17,33,03,11,77,32,5,5:0,1:4,14,8
2022137,2022-11-30,周三,05,06,08,15,20,07,08,54,15,6,2:3,1:4,15,1
2022138,2022-12-03,周六,05,13,16,27,33,07,12,94,28,5,4:1,2:3,19,5
2022139,2022-12-05,周一,01,13,14,22,35,02,05,85,34,4,3:2,2:3,7,3
2022140,2022-12-07,周三,05,15,25,26,29,04,12,100,24,5,4:1,3:2,16,8
2022141,2022-12-10,周六,05,06,14,24,25,02,04,74,20,4,2:3,2:3,6,2
2022142,2022-12-12,周一,07,12,14,29,35,01,11,97,28,6,3:2,2:3,12,10
2022143,2022-12-14,周三,10,13,14,27,33,07,08,97,23,6,3:2,2:3,15,1
2022144,2022-12-17,周六,03,04,08,15,21,04,07,51,18,6,3:2,1:4,11,3
2022145,2022-12-19,周一,10,20,29,30,35,06,09,124,25,5,2:3,4:1,15,3
2022146,2022-12-21,周三,01,21,23,28,35,07,09,108,34,5,4:1,4:1,16,2
2022147,2022-12-24,周六,04,12,22,28,30,09,11,96,26,4,0:5,3:2,20,2
2022148,2022-12-26,周一,04,05,06,26,27,07,12,68,23,2,2:3,2:3,19,5
2022149,2022-12-28,周三,15,19,22,26,28,02,07,110,13,4,2:3,4:1,9,5
2022150,2022-12-31,周六,06,07,26,29,30,03,12,98,24,4,2:3,3:2,15,9
2023001,2023-01-02,周一,18,19,24,27,34,11,12,122,16,6,2:3,5:0,23,1
2023002,2023-01-04,周三,11,14,21,26,27,02,07,99,16,6,3:2,3:2,9,5
2023003,2023-01-07,周六,05,06,14,21,22,02,09,68,17,3,2:3,2:3,11,7
2023004,2023-01-09,周一,04,13,15,20,22,04,08,74,18,3,2:3,2:3,12,4
2023005,2023-01-11,周三,01,03,10,20,29,06,11,63,28,4,3:2,2:3,17,5
2023006,2023-01-14,周六,02,04,12,27,35,06,07,80,33,4,2:3,2:3,13,1
2023007,2023-01-16,周一,02,03,24,30,32,01,06,91,30,6,1:4,3:2,7,5
2023008,2023-01-18,周三,04,09,17,22,25,01,05,77,21,3,3:2,2:3,6,4
2023009,2023-01-30,周一,01,05,11,15,33,01,10,65,32,4,5:0,1:4,11,9
2023010,2023-02-01,周三,05,06,13,23,26,01,06,73,21,6,3:2,2:3,7,5
2023011,2023-02-04,周六,02,07,08,17,25,01,03,59,23,6,3:2,1:4,4,2
2023012,2023-02-06,周一,07,16,17,18,28,02,03,86,21,3,2:3,2:3,5,1
2023013,2023-02-08,周三,01,02,09,23,25,02,06,60,24,6,4:1,2:3,8,4
2023014,2023-02-11,周六,03,08,18,22,24,01,09,75,21,6,1:4,3:2,10,8
2023015,2023-02-13,周一,08,16,24,25,34,08,12,107,26,4,1:4,3:2,20,4
2023016,2023-02-15,周三,02,04,12,31,32,07,11,81,30,6,1:4,2:3,18,4
2023017,2023-02-18,周六,02,05,09,22,27,10,11,65,25,6,3:2,2:3,21,1
2023018,2023-02-20,周一,04,08,17,26,30,03,11,85,26,2,1:4,2:3,14,8
2023019,2023-02-22,周三,05,08,09,11,15,06,08,48,10,3,4:1,0:5,14,2
2023020,2023-02-25,周六,05,06,23,25,28,06,09,87,23,6,3:2,3:2,15,3
2023021,2023-02-27,周一,02,09,18,23,27,03,05,79,25,5,3:2,3:2,8,2
2023022,2023-03-01,周三,07,11,15,26,28,08,10,87,21,5,3:2,2:3,18,2
2023023,2023-03-04,周六,09,21,23,25,33,03,10,111,24,4,5:0,4:1,13,7
2023024,2023-03-06,周一,11,15,24,27,30,01,10,107,19,5,3:2,3:2,11,9
2023025,2023-03-08,周三,03,09,27,30,31,11,12,100,28,6,4:1,3:2,23,1
2023026,2023-03-11,周六,02,13,24,27,30,01,06,96,28,4,2:3,3:2,7,5
2023027,2023-03-13,周一,09,10,12,15,23,03,06,69,14,5,3:2,1:4,9,3
2023028,2023-03-15,周三,01,03,29,30,34,04,12,97,33,6,3:2,3:2,16,8
2023029,2023-03-18,周六,07,25,27,34,35,09,11,128,28,6,4:1,4:1,20,2
2023030,2023-03-20,周一,06,11,12,20,35,05,12,84,29,6,2:3,2:3,17,7
2023031,2023-03-22,周三,05,07,08,16,25,03,11,61,20,5,3:2,1:4,14,8
2023032,2023-03-25,周六,05,06,18,28,30,02,07,87,25,5,1:4,3:2,9,5
2023033,2023-03-27,周一,04,06,10,11,25,07,09,56,21,6,2:3,1:4,16,2
2023034,2023-03-29,周三,07,09,10,15,24,04,12,65,17,6,3:2,1:4,16,8
2023035,2023-04-01,周六,07,14,23,25,29,02,11,98,22,6,4:1,3:2,13,9
2023036,2023-04-03,周一,01,13,22,26,31,02,10,93,30,5,3:2,3:2,12,8
2023037,2023-04-05,周三,06,08,16,20,24,07,08,74,18,4,0:5,2:3,15,1
2023038,2023-04-08,周六,04,10,18,27,32,10,12,91,28,5,1:4,3:2,22,2
2023039,2023-04-10,周一,02,24,26,30,34,06,07,116,32,5,0:5,4:1,13,1
2023040,2023-04-12,周三,04,05,18,22,30,05,12,79,26,6,1:4,3:2,17,7
2023041,2023-04-15,周六,05,08,13,26,35,05,09,87,30,6,3:2,2:3,14,4
2023042,2023-04-17,周一,02,16,21,23,27,01,08,89,25,6,3:2,3:2,9,7
2023043,2023-04-19,周三,02,04,17,20,27,01,08,70,25,6,2:3,2:3,9,7
2023044,2023-04-22,周六,02,06,07,08,15,07,10,38,13,5,2:3,0:5,17,3
2023045,2023-04-24,周一,07,10,13,28,31,04,05,89,24,2,3:2,2:3,9,1
2023046,2023-04-26,周三,13,21,25,28,32,02,10,119,19,4,3:2,4:1,12,8
2023047,2023-04-29,周六,10,12,13,24,25,11,12,84,15,4,2:3,2:3,23,1
2023048,2023-05-01,周一,07,13,16,25,32,09,11,93,25,5,3:2,2:3,20,2
2023049,2023-05-03,周三,03,17,22,26,28,07,12,96,25,6,2:3,3:2,19,5
2023050,2023-05-06,周六,08,09,14,25,29,04,06,85,21,6,3:2,2:3,10,2
2023051,2023-05-08,周一,03,11,19,29,33,03,12,95,30,5,5:0,3:2,15,9
2023052,2023-05-10,周三,02,08,11,30,33,05,08,84,31,4,2:3,2:3,13,3
2023053,2023-05-13,周六,01,03,11,14,20,02,11,49,19,6,3:2,1:4,13,9
2023054,2023-05-15,周一,19,25,30,31,34,07,09,139,15,5,3:2,5:0,16,2
2023055,2023-05-17,周三,06,08,12,13,15,01,06,54,9,4,2:3,0:5,7,5
2023056,2023-05-20,周六,13,22,24,33,34,01,02,126,21,4,2:3,4:1,3,1
2023057,2023-05-22,周一,01,05,06,19,24,05,11,55,23,4,3:2,2:3,16,6
2023058,2023-05-24,周三,19,22,29,32,35,05,08,137,16,2,3:2,5:0,13,3
2023059,2023-05-27,周六,09,13,23,25,28,04,07,98,19,6,4:1,3:2,11,3
2023060,2023-05-29,周一,02,07,19,24,30,09,12,82,28,4,2:3,3:2,21,3
2023061,2023-05-31,周三,07,11,21,30,32,05,07,101,25,6,3:2,3:2,12,2
2023062,2023-06-03,周六,06,08,22,24,30,01,08,90,24,4,0:5,3:2,9,7
2023063,2023-06-05,周一,04,18,29,31,34,06,09,116,30,6,2:3,4:1,15,3
2023064,2023-06-07,周三,02,06,09,31,32,03,07,80,30,6,2:3,2:3,10,4
2023065,2023-06-10,周六,08,14,16,21,25,03,12,84,17,6,2:3,2:3,15,9
2023066,2023-06-12,周一,06,11,13,30,32,01,03,92,26,4,2:3,2:3,4,2
2023067,2023-06-14,周三,02,28,30,33,35,02,10,128,33,4,2:3,4:1,12,8
2023068,2023-06-17,周六,21,22,24,27,31,07,08,125,10,5,3:2,5:0,15,1
2023069,2023-06-19,周一,08,20,21,25,32,05,07,106,24,5,2:3,4:1,12,2
2023070,2023-06-21,周三,10,26,29,32,33,03,11,130,23,5,2:3,4:1,14,8
2023071,2023-06-24,周六,02,11,12,32,34,10,12,91,32,6,1:4,2:3,22,2
2023072,2023-06-26,周一,05,06,09,11,14,02,04,45,9,4,3:2,0:5,6,2
2023073,2023-06-28,周三,15,25,28,30,35,08,10,133,20,4,3:2,4:1,18,2
2023074,2023-07-01,周六,03,13,22,29,34,02,09,101,31,6,3:2,3:2,11,7
2023075,2023-07-03,周一,07,17,20,23,32,05,11,99,25,5,3:2,3:2,16,6
2023076,2023-07-05,周三,08,09,11,26,34,02,07,88,26,6,2:3,2:3,9,5
2023077,2023-07-08,周六,05,16,18,26,35,03,06,100,30,6,2:3,3:2,9,3
2023078,2023-07-10,周一,02,03,06,26,27,07,08,64,25,4,2:3,2:3,15,1
2023079,2023-07-12,周三,06,08,26,29,34,05,08,103,28,6,1:4,3:2,13,3
2023080,2023-07-15,周六,01,02,09,16,30,01,11,58,29,4,2:3,1:4,12,10
2023081,2023-07-17,周一,05,06,23,28,35,07,10,97,30,6,3:2,3:2,17,3
2023082,2023-07-19,周三,02,08,09,15,20,03,09,54,18,4,2:3,1:4,12,6
2023083,2023-07-22,周六,13,15,21,25,32,09,10,106,19,6,4:1,3:2,19,1
2023084,2023-07-24,周一,03,05,08,24,32,07,08,72,29,6,2:3,2:3,15,1
2023085,2023-07-26,周三,11,12,26,31,35,05,07,115,24,6,3:2,3:2,12,2
2023086,2023-07-29,周六,03,11,15,20,35,07,11,84,32,6,4:1,2:3,18,4
2023087,2023-07-31,周一,03,04,16,19,24,04,05,66,21,6,2:3,2:3,9,1
2023088,2023-08-02,周三,08,14,16,22,24,09,12,84,16,2,0:5,2:3,21,3
2023089,2023-08-05,周六,03,12,20,26,35,02,12,96,32,4,2:3,3:2,14,10
2023090,2023-08-07,周一,08,11,12,19,35,11,12,85,27,6,3:2,2:3,23,1
2023091,2023-08-09,周三,06,16,18,28,29,07,11,97,23,4,1:4,3:2,18,4
2023092,2023-08-12,周六,03,16,21,26,32,03,12,98,29,5,2:3,3:2,15,9
2023093,2023-08-14,周一,11,14,17,19,21,01,05,82,10,4,4:1,2:3,6,4
2023094,2023-08-16,周三,12,19,22,28,32,08,12,113,20,5,1:4,4:1,20,4
2023095,2023-08-19,周六,08,19,28,32,34,03,07,121,26,6,1:4,4:1,10,4
2023096,2023-08-21,周一,06,07,14,21,31,03,10,79,25,5,3:2,2:3,13,7
2023097,2023-08-23,周三,06,07,18,20,22,03,09,73,16,5,1:4,3:2,12,6
2023098,2023-08-26,周六,02,07,15,30,34,05,09,88,32,6,2:3,2:3,14,4
2023099,2023-08-28,周一,09,11,13,22,23,06,07,78,14,5,4:1,2:3,13,1
2023100,2023-08-30,周三,04,06,13,19,35,09,11,77,31,6,3:2,2:3,20,2
2023101,2023-09-02,周六,06,14,16,17,28,07,10,81,22,5,1:4,1:4,17,3
2023102,2023-09-04,周一,02,04,07,16,33,07,11,62,31,6,2:3,1:4,18,4
2023103,2023-09-06,周三,08,11,19,31,32,08,11,101,24,6,3:2,3:2,19,3
2023104,2023-09-09,周六,06,15,16,32,33,08,10,102,27,4,2:3,2:3,18,2
2023105,2023-09-11,周一,07,08,19,20,25,02,11,79,18,4,3:2,3:2,13,9
2023106,2023-09-13,周三,16,24,26,28,31,01,06,125,15,5,1:4,4:1,7,5
2023107,2023-09-16,周六,01,12,15,16,18,03,10,62,17,5,2:3,1:4,13,7
2023108,2023-09-18,周一,05,06,17,30,32,02,08,90,27,6,2:3,2:3,10,6
2023109,2023-09-20,周三,01,12,21,22,31,02,09,87,30,4,3:2,3:2,11,7
2023110,2023-09-23,周六,04,09,11,13,17,07,08,54,13,4,4:1,0:5,15,1
2023111,2023-09-25,周一,03,12,15,28,35,02,12,93,32,6,3:2,2:3,14,10
2023112,2023-09-27,周三,01,11,17,22,27,02,09,78,26,3,4:1,2:3,11,7
2023113,2023-09-30,周六,06,08,30,32,33,03,10,109,27,4,1:4,3:2,13,7
2023114,2023-10-07,周六,02,25,27,30,35,01,10,119,33,5,3:2,4:1,11,9
2023115,2023-10-09,周一,07,10,23,31,34,02,10,105,27,4,3:2,3:2,12,8
2023116,2023-10-11,周三,01,03,09,18,29,04,09,60,28,6,4:1,2:3,13,5
2023117,2023-10-14,周六,05,07,15,18,20,03,04,65,15,4,3:2,2:3,7,1
2023118,2023-10-16,周一,06,07,13,25,33,05,08,84,27,6,4:1,2:3,13,3
2023119,2023-10-18,周三,04,08,10,14,21,04,10,57,17,4,1:4,1:4,14,6
2023120,2023-10-21,周六,02,08,16,31,34,01,10,91,32,6,1:4,2:3,11,9
2023121,2023-10-23,周一,05,11,15,23,33,01,09,87,28,4,5:0,2:3,10,8
2023122,2023-10-25,周三,01,07,09,25,29,10,12,71,28,6,5:0,2:3,22,2
2023123,2023-10-28,周六,02,14,16,28,30,02,07,90,28,2,0:5,2:3,9,5
2023124,2023-10-30,周一,06,18,23,27,32,06,10,106,26,4,2:3,4:1,16,4
2023125,2023-11-01,周三,07,25,26,29,32,02,08,119,25,5,3:2,4:1,10,6
2023126,2023-11-04,周六,07,12,17,26,34,02,06,96,27,5,2:3,2:3,8,4
2023127,2023-11-06,周一,04,07,08,18,19,02,06,56,15,4,2:3,2:3,8,4
2023128,2023-11-08,周三,01,05,07,12,13,02,06,38,12,5,4:1,0:5,8,4
2023129,2023-11-11,周六,09,23,25,27,33,06,12,117,24,5,5:0,4:1,18,6
2023130,2023-11-13,周一,13,20,27,29,30,01,07,119,17,5,3:2,4:1,8,6
2023131,2023-11-15,周三,03,07,21,22,24,06,07,77,21,6,3:2,3:2,13,1
2023132,2023-11-18,周六,03,04,12,15,23,02,06,57,20,4,3:2,1:4,8,4
2023133,2023-11-20,周一,10,18,25,28,33,05,11,114,23,4,2:3,4:1,16,6
2023134,2023-11-22,周三,10,15,22,27,33,01,12,107,23,4,3:2,3:2,13,11
2023135,2023-11-25,周六,05,18,22,28,29,09,12,102,24,6,2:3,4:1,21,3
2023136,2023-11-27,周一,13,23,27,30,34,06,09,127,21,4,3:2,4:1,15,3
2023137,2023-11-29,周三,04,19,21,30,31,06,12,105,27,6,3:2,4:1,18,6
2023138,2023-12-02,周六,07,12,20,28,31,09,10,98,24,5,2:3,3:2,19,1
2023139,2023-12-04,周一,15,16,25,31,34,05,09,121,19,5,3:2,3:2,14,4
2023140,2023-12-06,周三,01,02,09,19,30,01,02,61,29,6,3:2,2:3,3,1
2023141,2023-12-09,周六,04,22,25,30,31,04,05,112,27,6,2:3,4:1,9,1
2023142,2023-12-11,周一,04,13,15,17,32,10,12,81,28,5,3:2,1:4,22,2
2023143,2023-12-13,周三,09,20,23,29,33,02,10,114,24,6,4:1,4:1,12,8
2023144,2023-12-16,周六,05,14,18,25,35,01,10,97,30,6,3:2,3:2,11,9
2023145,2023-12-18,周一,06,10,12,32,33,06,07,93,27,6,1:4,2:3,13,1
2023146,2023-12-20,周三,14,18,19,26,31,02,07,108,17,4,2:3,4:1,9,5
2023147,2023-12-23,周六,06,07,19,33,34,03,08,99,28,4,3:2,3:2,11,5
2023148,2023-12-25,周一,11,12,20,21,27,02,12,91,16,4,3:2,3:2,14,10
2023149,2023-12-27,周三,01,16,17,21,29,01,06,84,28,6,4:1,2:3,7,5
2023150,2023-12-30,周六,05,06,17,18,33,11,12,79,28,4,3:2,2:3,23,1
2024001,2024-01-01,周一,03,09,17,26,35,02,07,90,32,5,4:1,2:3,9,5
2024002,2024-01-03,周三,01,06,08,27,32,03,04,74,31,4,2:3,2:3,7,1
2024003,2024-01-06,周六,07,09,12,23,29,01,02,80,22,6,4:1,2:3,3,1
2024004,2024-01-08,周一,02,06,18,19,27,08,09,72,25,6,2:3,3:2,17,1
2024005,2024-01-10,周三,03,05,07,09,12,05,08,36,9,3,4:1,0:5,13,3
2024006,2024-01-13,周六,08,13,16,17,33,02,10,87,25,6,3:2,1:4,12,8
2024007,2024-01-15,周一,04,05,28,34,35,04,11,106,31,4,2:3,3:2,15,7
2024008,2024-01-17,周三,04,06,11,20,30,03,05,71,26,6,1:4,2:3,8,2
2024009,2024-01-20,周六,15,18,19,24,26,05,09,102,11,6,2:3,4:1,14,4
2024010,2024-01-22,周一,02,08,10,15,27,02,08,62,25,6,2:3,1:4,10,6
2024011,2024-01-24,周三,01,03,27,32,34,01,07,97,33,4,3:2,3:2,8,6
2024012,2024-01-27,周六,21,22,25,26,34,01,09,128,13,4,2:3,5:0,10,8
2024013,2024-01-29,周一,05,22,25,28,30,03,12,110,25,5,2:3,4:1,15,9
2024014,2024-01-31,周三,04,05,16,21,31,09,11,77,27,6,3:2,2:3,20,2
2024015,2024-02-03,周六,08,11,14,24,31,05,06,88,23,5,2:3,2:3,11,1
2024016,2024-02-05,周一,15,18,25,27,29,06,11,114,14,5,4:1,4:1,17,5
2024017,2024-02-07,周三,03,07,25,27,35,01,04,97,32,6,5:0,3:2,5,3
2024018,2024-02-19,周一,04,12,19,25,27,01,09,87,23,4,3:2,3:2,10,8
2024019,2024-02-21,周三,19,20,26,29,30,03,04,124,11,4,2:3,5:0,7,1
2024020,2024-02-24,周六,02,04,08,19,26,02,06,59,24,6,1:4,2:3,8,4
2024021,2024-02-26,周一,01,12,16,20,28,07,09,77,27,4,1:4,2:3,16,2
2024022,2024-02-28,周三,07,09,11,31,32,04,08,90,25,5,4:1,2:3,12,4
2024023,2024-03-02,周六,08,10,12,14,22,05,09,66,14,3,0:5,1:4,14,4
2024024,2024-03-04,周一,03,05,12,17,26,01,12,63,23,4,3:2,1:4,13,11
2024025,2024-03-06,周三,01,02,08,18,27,04,08,56,26,6,2:3,2:3,12,4
2024026,2024-03-09,周六,01,18,21,26,33,02,12,99,32,6,3:2,4:1,14,10
2024027,2024-03-11,周一,08,09,16,22,23,07,09,78,15,3,2:3,2:3,16,2
2024028,2024-03-13,周三,13,18,20,26,28,04,08,105,15,4,1:4,4:1,12,4
2024029,2024-03-16,周六,04,19,24,28,34,04,05,109,30,5,1:4,4:1,9,1
2024030,2024-03-18,周一,08,09,11,19,30,06,12,77,22,5,3:2,2:3,18,6
2024031,2024-03-20,周三,09,12,15,30,34,05,06,100,25,5,2:3,2:3,11,1
2024032,2024-03-23,周六,05,15,26,33,35,01,09,114,30,6,4:1,3:2,10,8
2024033,2024-03-25,周一,04,08,10,11,15,07,09,48,11,4,2:3,0:5,16,2
2024034,2024-03-27,周三,23,26,27,29,33,05,08,138,10,3,4:1,5:0,13,3
2024035,2024-03-30,周六,05,13,17,29,33,05,12,97,28,3,5:0,2:3,17,7
2024036,2024-04-01,周一,02,05,11,32,34,06,10,84,32,6,2:3,2:3,16,4
2024037,2024-04-03,周三,17,19,20,29,35,07,11,120,18,6,4:1,4:1,18,4
2024038,2024-04-06,周六,15,22,24,25,29,01,05,115,14,5,3:2,4:1,6,4
2024039,2024-04-08,周一,03,10,11,20,22,06,10,66,19,6,2:3,2:3,16,4
2024040,2024-04-10,周三,05,12,16,29,30,03,06,92,25,6,2:3,2:3,9,3
2024041,2024-04-13,周六,06,08,14,16,28,03,05,72,22,4,0:5,1:4,8,2
2024042,2024-04-15,周一,01,08,15,23,35,05,12,82,34,5,4:1,2:3,17,7
2024043,2024-04-17,周三,03,04,08,14,27,05,07,56,24,6,2:3,1:4,12,2
2024044,2024-04-20,周六,03,13,15,17,22,06,10,70,19,5,4:1,1:4,16,4
2024045,2024-04-22,周一,09,10,14,31,32,03,08,96,23,4,2:3,2:3,11,5
2024046,2024-04-24,周三,06,12,17,29,30,07,11,94,24,6,2:3,2:3,18,4
2024047,2024-04-27,周六,11,19,21,26,35,10,11,112,24,6,4:1,4:1,21,1
2024048,2024-04-29,周一,12,18,21,26,28,08,09,105,16,6,1:4,4:1,17,1
2024049,2024-05-01,周三,04,06,09,10,22,01,08,51,18,6,1:4,1:4,9,7
2024050,2024-05-04,周六,03,04,14,18,26,07,09,65,23,6,1:4,2:3,16,2
2024051,2024-05-06,周一,05,21,22,23,29,01,02,100,24,5,4:1,4:1,3,1
2024052,2024-05-08,周三,02,03,13,22,34,04,08,74,32,6,2:3,2:3,12,4
2024053,2024-05-11,周六,01,07,19,20,35,03,09,82,34,6,4:1,3:2,12,6
2024054,2024-05-13,周一,05,06,09,11,22,01,03,53,17,6,3:2,1:4,4,2
2024055,2024-05-15,周三,07,17,22,30,34,05,07,110,27,6,2:3,3:2,12,2
2024056,2024-05-18,周六,16,17,18,27,35,06,12,113,19,5,3:2,3:2,18,6
2024057,2024-05-20,周一,09,25,30,33,34,03,09,131,25,6,3:2,4:1,12,6
2024058,2024-05-22,周三,06,10,13,20,32,01,02,81,26,5,1:4,2:3,3,1
2024059,2024-05-25,周六,17,18,20,25,31,03,12,111,14,6,3:2,4:1,15,9
2024060,2024-05-27,周一,03,21,25,28,30,01,12,107,27,6,3:2,4:1,13,11
2024061,2024-05-29,周三,01,12,19,31,33,05,08,96,32,6,4:1,3:2,13,3
2024062,2024-06-01,周六,05,14,15,16,33,03,05,83,28,5,3:2,1:4,8,2
2024063,2024-06-03,周一,07,12,16,33,34,01,03,102,27,6,2:3,2:3,4,2
2024064,2024-06-05,周三,05,12,21,32,33,08,09,103,28,6,3:2,3:2,17,1
2024065,2024-06-08,周六,05,10,18,26,27,03,06,86,22,5,2:3,3:2,9,3
2024066,2024-06-10,周一,13,19,20,24,25,06,07,101,12,3,3:2,4:1,13,1
2024067,2024-06-12,周三,03,11,14,20,22,06,09,70,19,4,2:3,2:3,15,3
2024068,2024-06-15,周六,15,20,31,32,33,05,10,131,18,5,3:2,4:1,15,5
2024069,2024-06-17,周一,07,09,16,20,24,03,07,76,17,5,2:3,2:3,10,4
2024070,2024-06-19,周三,04,20,21,32,34,02,09,111,30,6,1:4,4:1,11,7
2024071,2024-06-22,周六,06,10,15,34,35,02,10,100,29,6,2:3,2:3,12,8
2024072,2024-06-24,周一,04,17,21,23,32,01,06,97,28,6,3:2,3:2,7,5
2024073,2024-06-26,周三,07,09,12,21,23,05,09,72,16,4,4:1,2:3,14,4
2024074,2024-06-29,周六,02,10,11,21,27,09,11,71,25,6,3:2,2:3,20,2
2024075,2024-07-01,周一,08,17,26,28,32,01,10,111,24,5,1:4,3:2,11,9
2024076,2024-07-03,周三,01,06,22,27,35,07,12,91,34,4,3:2,3:2,19,5
2024077,2024-07-06,周六,01,03,25,26,29,06,12,84,28,6,4:1,3:2,18,6
2024078,2024-07-08,周一,05,07,10,14,15,04,07,51,10,5,3:2,0:5,11,3
2024079,2024-07-10,周三,03,08,17,18,23,06,11,69,20,4,3:2,2:3,17,5
2024080,2024-07-13,周六,03,05,24,27,28,09,11,87,25,6,3:2,3:2,20,2
2024081,2024-07-15,周一,14,15,25,27,34,01,10,115,20,6,3:2,3:2,11,9
2024082,2024-07-17,周三,08,21,23,24,26,04,05,102,18,4,2:3,4:1,9,1
2024083,2024-07-20,周六,09,11,12,13,30,07,09,75,21,4,3:2,1:4,16,2
2024084,2024-07-22,周一,04,11,16,17,23,05,10,71,19,3,3:2,1:4,15,5
2024085,2024-07-24,周三,02,09,16,29,35,01,06,91,33,5,3:2,2:3,7,5
2024086,2024-07-27,周六,11,12,14,22,28,07,11,87,17,6,1:4,2:3,18,4
2024087,2024-07-29,周一,07,10,20,28,34,05,10,99,27,6,1:4,3:2,15,5
2024088,2024-07-31,周三,01,02,23,28,32,03,05,86,31,6,2:3,3:2,8,2
2024089,2024-08-03,周六,05,06,29,30,34,07,08,104,29,4,2:3,3:2,15,1
2024090,2024-08-05,周一,02,03,06,28,33,07,11,72,31,6,2:3,2:3,18,4
2024091,2024-08-07,周三,01,08,11,17,21,01,02,58,20,5,4:1,1:4,3,1
2024092,2024-08-10,周六,02,04,25,26,31,01,06,88,29,6,2:3,3:2,7,5
2024093,2024-08-12,周一,16,24,26,28,29,08,12,123,13,5,1:4,4:1,20,4
2024094,2024-08-14,周三,12,13,24,29,31,02,08,109,19,6,3:2,3:2,10,6
2024095,2024-08-17,周六,01,07,19,26,27,03,05,80,26,6,4:1,3:2,8,2
2024096,2024-08-19,周一,02,03,23,27,31,01,10,86,29,5,4:1,3:2,11,9
2024097,2024-08-21,周三,07,11,12,14,19,02,08,63,12,4,3:2,1:4,10,6
2024098,2024-08-24,周六,03,10,15,19,29,09,10,76,26,6,4:1,2:3,19,1
2024099,2024-08-26,周一,04,10,24,31,35,05,08,104,31,6,2:3,3:2,13,3
2024100,2024-08-28,周三,02,12,19,22,32,05,11,87,30,3,1:4,3:2,16,6
2024101,2024-08-31,周六,16,19,22,27,35,06,10,119,19,4,3:2,4:1,16,4
2024102,2024-09-02,周一,01,05,09,14,20,05,11,49,19,5,3:2,1:4,16,6
2024103,2024-09-04,周三,19,21,29,32,33,06,08,134,14,6,4:1,5:0,14,2
2024104,2024-09-07,周六,01,04,09,13,17,06,09,44,16,4,4:1,0:5,15,3
2024105,2024-09-09,周一,14,20,21,28,32,09,11,115,18,5,1:4,4:1,20,2
2024106,2024-09-11,周三,05,11,19,22,29,02,12,86,24,6,4:1,3:2,14,10
2024107,2024-09-14,周六,06,14,16,18,34,03,10,88,28,5,0:5,2:3,13,7
2024108,2024-09-16,周一,16,17,21,31,34,03,08,119,18,6,3:2,3:2,11,5
2024109,2024-09-18,周三,12,23,26,27,28,03,11,116,16,5,2:3,4:1,14,8
2024110,2024-09-21,周六,01,07,08,18,28,04,12,62,27,5,2:3,2:3,16,8
2024111,2024-09-23,周一,03,09,19,27,30,07,11,88,27,6,4:1,3:2,18,4
2024112,2024-09-25,周三,05,15,24,31,34,03,10,109,29,4,3:2,3:2,13,7
2024113,2024-09-28,周六,16,18,25,26,33,04,08,118,17,4,2:3,4:1,12,4
2024114,2024-09-30,周一,12,27,30,34,35,05,11,138,23,6,2:3,4:1,16,6
2024115,2024-10-05,周六,03,04,12,19,24,08,12,62,21,6,2:3,2:3,20,4
2024116,2024-10-07,周一,01,03,06,16,25,01,11,51,24,6,3:2,1:4,12,10
2024117,2024-10-09,周三,02,10,22,26,28,02,04,88,26,6,0:5,3:2,6,2
2024118,2024-10-12,周六,01,03,09,16,19,05,11,48,18,6,4:1,1:4,16,6
2024119,2024-10-14,周一,06,12,28,30,33,02,07,109,27,6,1:4,3:2,9,5
2024120,2024-10-16,周三,04,12,17,23,27,02,08,83,23,6,3:2,2:3,10,6
2024121,2024-10-19,周六,07,15,18,24,33,04,05,97,26,5,3:2,3:2,9,1
2024122,2024-10-21,周一,05,06,09,15,17,03,10,52,12,6,4:1,0:5,13,7
2024123,2024-10-23,周三,03,09,16,30,31,08,09,89,28,6,3:2,2:3,17,1
2024124,2024-10-26,周六,02,03,07,10,25,01,11,47,23,6,3:2,1:4,12,10
2024125,2024-10-28,周一,10,14,19,24,26,01,10,93,16,5,1:4,3:2,11,9
2024126,2024-10-30,周三,02,10,17,28,34,07,08,91,32,6,1:4,2:3,15,1
2024127,2024-11-02,周六,02,03,10,16,28,07,10,59,26,6,1:4,1:4,17,3
2024128,2024-11-04,周一,03,07,10,29,31,01,03,80,28,6,4:1,2:3,4,2
2024129,2024-11-06,周三,07,19,30,31,34,05,07,121,27,5,3:2,4:1,12,2
2024130,2024-11-09,周六,11,21,25,31,32,04,10,120,21,5,4:1,4:1,14,6
2024131,2024-11-11,周一,02,03,04,21,26,02,03,56,24,5,2:3,2:3,5,1
2024132,2024-11-13,周三,05,06,10,16,31,06,09,68,26,6,2:3,1:4,15,3
2024133,2024-11-16,周六,08,10,14,22,29,04,06,83,21,6,1:4,2:3,10,2
2024134,2024-11-18,周一,01,04,07,13,33,05,06,58,32,4,4:1,1:4,11,1
2024135,2024-11-20,周三,06,08,22,24,30,03,08,90,24,4,0:5,3:2,11,5
2024136,2024-11-23,周六,01,17,20,29,34,07,08,101,33,6,3:2,3:2,15,1
2024137,2024-11-25,周一,08,15,16,17,21,02,05,77,13,5,3:2,1:4,7,3
2024138,2024-11-27,周三,05,17,20,28,34,04,09,104,29,6,2:3,3:2,13,5
2024139,2024-11-30,周六,05,12,20,23,24,05,07,84,19,6,2:3,3:2,12,2
2024140,2024-12-02,周一,03,06,15,23,31,01,12,78,28,5,4:1,2:3,13,11
2024141,2024-12-04,周三,02,06,07,16,20,02,11,51,18,4,1:4,1:4,13,9
2024142,2024-12-07,周六,08,21,24,33,34,03,10,120,26,5,2:3,4:1,13,7
2024143,2024-12-09,周一,16,20,22,24,31,04,05,113,15,4,1:4,4:1,9,1
2024144,2024-12-11,周三,06,07,08,21,30,01,05,72,24,5,2:3,2:3,6,4
2024145,2024-12-14,周六,01,06,09,22,24,01,03,62,23,6,2:3,2:3,4,2
2024146,2024-12-16,周一,05,20,21,22,32,03,04,100,27,5,2:3,4:1,7,1
2024147,2024-12-18,周三,12,18,21,22,31,01,07,104,19,4,2:3,4:1,8,6
2024148,2024-12-21,周六,06,09,20,32,35,08,11,102,29,4,2:3,3:2,19,3
2024149,2024-12-23,周一,02,05,16,18,22,07,09,63,20,6,1:4,2:3,16,2
2024150,2024-12-25,周三,04,11,23,25,34,05,07,97,30,6,3:2,3:2,12,2
2024151,2024-12-28,周六,05,12,17,19,35,10,11,88,30,5,4:1,2:3,21,1
2024152,2024-12-30,周一,01,02,07,08,31,02,10,49,30,4,3:2,1:4,12,8
2025001,2025-01-01,周三,05,08,16,17,27,04,07,73,22,5,3:2,1:4,11,3
2025002,2025-01-04,周六,19,21,22,28,32,06,09,122,13,6,2:3,5:0,15,3
2025003,2025-01-06,周一,10,25,30,32,34,04,10,131,24,5,1:4,4:1,14,6
2025004,2025-01-08,周三,02,05,09,13,33,01,07,62,31,5,4:1,1:4,8,6
2025005,2025-01-11,周六,05,06,08,31,32,09,11,82,27,4,2:3,2:3,20,2
2025006,2025-01-13,周一,03,04,13,19,35,03,10,74,32,5,4:1,2:3,13,7
2025007,2025-01-15,周三,15,22,23,25,31,01,09,116,16,5,4:1,4:1,10,8
2025008,2025-01-18,周六,01,05,07,13,35,05,12,61,34,5,5:0,1:4,17,7
2025009,2025-01-20,周一,03,19,21,30,32,06,09,105,29,4,3:2,4:1,15,3
2025010,2025-01-22,周三,05,21,28,30,32,07,12,116,27,5,2:3,4:1,19,5
2025011,2025-01-25,周六,03,06,07,11,27,02,08,54,24,5,4:1,1:4,10,6
2025012,2025-02-08,周六,02,18,19,21,25,02,11,85,23,6,3:2,4:1,13,9
2025013,2025-02-10,周一,14,16,18,20,35,02,05,103,21,3,1:4,3:2,7,3
2025014,2025-02-12,周三,05,19,22,29,35,02,10,110,30,6,4:1,4:1,12,8
2025015,2025-02-15,周六,07,10,24,31,35,01,08,107,28,6,3:2,3:2,9,7
2025016,2025-02-17,周一,05,07,12,20,29,08,12,73,24,6,3:2,2:3,20,4
2025017,2025-02-19,周三,10,12,26,28,31,03,10,107,21,4,1:4,3:2,13,7
2025018,2025-02-22,周六,01,07,09,20,28,01,04,65,27,4,3:2,2:3,5,3
2025019,2025-02-24,周一,07,08,11,18,23,03,11,67,16,6,3:2,2:3,14,8
2025020,2025-02-26,周三,01,09,12,22,29,05,09,73,28,6,3:2,2:3,14,4
2025021,2025-03-01,周六,10,18,25,30,35,03,12,118,25,5,2:3,4:1,15,9
2025022,2025-03-03,周一,01,11,13,27,29,04,10,81,28,4,5:0,2:3,14,6
2025023,2025-03-05,周三,10,20,22,24,25,09,12,101,15,5,1:4,4:1,21,3
2025024,2025-03-08,周六,06,12,13,16,23,05,08,70,17,4,2:3,1:4,13,3
2025025,2025-03-10,周一,03,06,08,10,25,03,07,52,22,5,2:3,1:4,10,4
2025026,2025-03-12,周三,02,03,07,17,30,01,09,59,28,6,3:2,1:4,10,8
2025027,2025-03-15,周六,03,06,11,13,20,01,11,53,17,5,3:2,1:4,12,10
2025028,2025-03-17,周一,06,08,20,25,29,03,07,88,23,6,2:3,3:2,10,4
2025029,2025-03-19,周三,05,09,26,31,33,03,10,104,28,6,4:1,3:2,13,7
2025030,2025-03-22,周六,03,09,14,24,28,06,07,78,25,6,2:3,2:3,13,1
2025031,2025-03-24,周一,14,18,20,25,35,01,07,112,21,6,2:3,4:1,8,6
2025032,2025-03-26,周三,12,22,25,27,28,01,02,114,16,5,2:3,4:1,3,1
2025033,2025-03-29,周六,01,02,08,10,33,10,12,54,32,6,2:3,1:4,22,2
2025034,2025-03-31,周一,04,15,22,28,33,06,08,102,29,4,2:3,3:2,14,2
2025035,2025-04-02,周三,22,25,28,29,30,04,08,134,8,4,2:3,5:0,12,4
2025036,2025-04-05,周六,04,07,13,27,30,02,06,81,26,4,3:2,2:3,8,4
2025037,2025-04-07,周一,05,20,23,27,31,04,06,106,26,5,4:1,4:1,10,2
2025038,2025-04-09,周三,07,08,20,26,34,08,09,95,27,6,1:4,3:2,17,1
2025039,2025-04-12,周六,03,07,14,15,19,06,10,58,16,4,4:1,1:4,16,4
2025040,2025-04-14,周一,02,08,16,31,32,04,12,89,30,6,1:4,2:3,16,8
2025041,2025-04-16,周三,03,04,21,22,27,05,11,77,24,4,3:2,3:2,16,6
2025042,2025-04-19,周六,06,08,11,18,20,05,11,63,14,4,1:4,2:3,16,6
2025043,2025-04-21,周一,03,16,20,21,27,09,11,87,24,6,3:2,3:2,20,2
2025044,2025-04-23,周三,15,17,21,22,26,02,08,101,11,4,3:2,3:2,10,6
2025045,2025-04-26,周六,08,11,21,23,27,03,08,90,19,6,4:1,3:2,11,5
2025046,2025-04-28,周一,04,10,15,20,34,04,07,83,30,5,1:4,2:3,11,3
2025047,2025-04-30,周三,03,10,11,12,21,02,03,57,18,4,3:2,1:4,5,1
2025048,2025-05-03,周六,02,06,17,23,35,06,11,83,33,6,3:2,2:3,17,5
2025049,2025-05-05,周一,09,20,22,29,34,03,08,114,25,6,2:3,4:1,11,5
2025050,2025-05-07,周三,15,18,20,21,34,04,10,108,19,5,2:3,4:1,14,6
2025051,2025-05-10,周六,02,04,13,29,31,05,12,79,29,4,3:2,2:3,17,7
2025052,2025-05-12,周一,02,04,11,29,30,02,08,76,28,6,2:3,2:3,10,6
2025053,2025-05-14,周三,14,23,29,30,33,06,12,129,19,6,3:2,4:1,18,6
2025054,2025-05-17,周六,03,12,16,21,29,01,02,81,26,4,3:2,2:3,3,1
2025055,2025-05-19,周一,08,10,25,29,30,01,02,102,22,6,2:3,3:2,3,1
2025056,2025-05-21,周三,12,15,28,29,32,08,11,116,20,4,2:3,3:2,19,3
2025057,2025-05-24,周六,09,10,11,12,29,01,10,71,20,3,3:2,1:4,11,9
2025058,2025-05-26,周一,06,11,15,21,23,01,07,76,17,6,4:1,2:3,8,6
2025059,2025-05-28,周三,03,09,10,11,26,01,02,59,23,5,3:2,1:4,3,1
2025060,2025-05-31,周六,12,14,19,33,34,01,07,112,22,6,2:3,3:2,8,6
2025061,2025-06-02,周一,02,11,16,23,28,05,10,80,26,4,2:3,2:3,15,5
2025062,2025-06-04,周三,14,20,27,28,29,06,10,118,15,5,2:3,4:1,16,4
2025063,2025-06-07,周六,05,18,26,29,32,07,10,110,27,5,2:3,4:1,17,3
2025064,2025-06-09,周一,05,10,18,20,34,01,08,87,29,6,1:4,3:2,9,7
2025065,2025-06-11,周三,07,25,32,33,35,04,09,132,28,6,4:1,4:1,13,5
2025066,2025-06-14,周六,15,18,27,28,34,03,06,122,19,6,2:3,4:1,9,3
2025067,2025-06-16,周一,06,10,12,21,22,01,06,71,16,6,1:4,2:3,7,5
2025068,2025-06-18,周三,01,04,17,20,22,04,10,64,21,4,2:3,2:3,14,6
2025069,2025-06-21,周六,04,06,07,33,34,09,10,84,30,4,2:3,2:3,19,1
2025070,2025-06-23,周一,08,09,15,20,22,04,12,74,14,5,2:3,2:3,16,8
2025071,2025-06-25,周三,01,08,25,31,33,05,11,98,32,6,4:1,3:2,16,6
2025072,2025-06-28,周六,04,07,15,24,29,01,04,79,25,6,3:2,2:3,5,3
2025073,2025-06-30,周一,01,04,17,33,34,03,09,89,33,5,3:2,2:3,12,6
2025074,2025-07-02,周三,02,11,15,18,21,05,10,67,19,5,3:2,2:3,15,5
2025075,2025-07-05,周六,08,12,16,19,35,06,09,90,27,5,2:3,2:3,15,3
2025076,2025-07-07,周一,11,18,22,25,29,04,12,105,18,2,3:2,4:1,16,8
2025077,2025-07-09,周三,12,14,16,19,28,01,04,89,16,5,1:4,2:3,5,3
2025078,2025-07-12,周六,07,10,15,21,24,05,06,77,17,4,3:2,2:3,11,1
2025079,2025-07-14,周一,02,14,32,34,35,05,11,117,33,6,1:4,3:2,16,6
2025080,2025-07-16,周三,09,10,18,22,24,03,12,83,15,6,1:4,3:2,15,9
2025081,2025-07-19,周六,01,04,06,15,18,02,03,44,17,4,2:3,1:4,5,1
2025082,2025-07-21,周一,02,03,04,12,26,01,08,47,24,5,1:4,1:4,9,7
2025083,2025-07-23,周三,12,17,18,20,34,02,05,101,22,6,1:4,3:2,7,3
2025084,2025-07-26,周六,09,11,13,18,29,04,11,80,20,5,4:1,2:3,15,7
2025085,2025-07-28,周一,02,05,09,14,33,04,09,63,31,6,3:2,1:4,13,5
2025086,2025-07-30,周三,02,06,23,24,33,01,10,88,31,6,2:3,3:2,11,9
2025087,2025-08-02,周六,05,13,14,16,20,03,08,68,15,6,2:3,1:4,11,5
2025088,2025-08-04,周一,08,09,10,11,35,05,11,73,27,3,3:2,1:4,16,6
2025089,2025-08-06,周三,02,11,12,32,34,03,10,91,32,6,1:4,2:3,13,7
2025090,2025-08-09,周六,06,14,19,22,27,01,04,88,21,2,2:3,3:2,5,3
2025091,2025-08-11,周一,01,19,22,25,27,03,10,94,26,5,4:1,4:1,13,7
2025092,2025-08-13,周三,04,10,17,25,32,05,07,88,28,4,2:3,2:3,12,2
2025093,2025-08-16,周六,01,07,09,16,30,02,05,63,29,6,3:2,1:4,7,3
2025094,2025-08-18,周一,04,09,17,30,33,05,09,93,29,5,3:2,2:3,14,4
2025095,2025-08-20,周三,07,13,14,19,27,06,10,80,20,5,4:1,2:3,16,4
2025096,2025-08-23,周六,02,11,17,22,24,07,09,76,22,6,2:3,2:3,16,2
2025097,2025-08-25,周一,05,24,25,32,34,01,09,120,29,6,2:3,4:1,10,8
2025098,2025-08-27,周三,01,07,09,10,23,10,12,50,22,6,4:1,1:4,22,2
2025099,2025-08-30,周六,06,12,20,26,31,02,04,95,25,4,1:4,3:2,6,2
2025100,2025-09-01,周一,26,28,32,34,35,02,07,155,9,4,1:4,5:0,9,5
2025101,2025-09-03,周三,05,07,19,26,32,08,09,89,27,6,3:2,3:2,17,1
2025102,2025-09-06,周六,09,10,13,26,28,02,04,86,19,6,2:3,2:3,6,2
2025103,2025-09-08,周一,05,08,19,32,34,04,05,98,29,6,2:3,3:2,9,1
2025104,2025-09-10,周三,02,06,09,22,34,02,08,73,32,6,1:4,2:3,10,6
2025105,2025-09-13,周六,15,16,25,28,34,10,12,118,19,5,2:3,3:2,22,2
2025106,2025-09-15,周一,05,06,11,26,29,05,10,77,24,6,3:2,2:3,15,5
2025107,2025-09-17,周三,05,07,08,15,33,06,10,68,28,6,4:1,1:4,16,4
2025108,2025-09-20,周六,14,18,21,24,29,03,06,106,15,5,2:3,4:1,9,3
2025109,2025-09-22,周一,04,08,10,13,26,09,10,61,22,6,1:4,1:4,19,1
2025110,2025-09-24,周三,01,15,22,30,31,02,08,99,30,6,3:2,3:2,10,6
2025111,2025-09-27,周六,02,09,14,21,26,02,12,72,24,2,2:3,2:3,14,10
2025112,2025-09-29,周一,03,04,21,23,24,09,12,75,21,4,3:2,3:2,21,3
2025113,2025-10-06,周一,01,14,18,28,35,02,03,96,34,5,2:3,3:2,5,1
2025114,2025-10-08,周三,03,08,09,12,16,01,05,48,13,5,2:3,0:5,6,4
2025115,2025-10-11,周六,03,12,14,21,35,01,05,85,32,5,3:2,2:3,6,4
2025116,2025-10-13,周一,02,06,16,22,29,08,12,75,27,6,1:4,2:3,20,4
2025117,2025-10-15,周三,05,10,18,21,29,05,07,83,24,4,3:2,3:2,12,2
2025118,2025-10-18,周六,02,08,09,12,21,04,05,52,19,6,2:3,1:4,9,1
2025119,2025-10-20,周一,08,15,27,29,31,01,07,110,23,5,4:1,3:2,8,6
2025120,2025-10-22,周三,11,13,22,26,35,02,08,107,24,4,3:2,3:2,10,6
2025121,2025-10-25,周六,02,03,08,13,21,07,12,47,19,5,3:2,1:4,19,5
2025122,2025-10-27,周一,02,03,06,16,17,04,05,44,15,4,2:3,0:5,9,1
2025123,2025-10-29,周三,08,13,24,25,31,04,10,101,23,6,3:2,3:2,14,6
2025124,2025-11-01,周六,06,09,14,26,27,08,09,82,21,6,2:3,2:3,17,1
2025125,2025-11-03,周一,10,11,13,19,35,04,11,88,25,6,4:1,2:3,15,7
2025126,2025-11-05,周三,01,08,18,27,30,06,07,84,29,6,2:3,3:2,13,1
2025127,2025-11-08,周六,04,05,19,28,29,05,08,85,25,4,3:2,3:2,13,3
2025128,2025-11-10,周一,03,06,26,30,33,11,12,98,30,4,2:3,3:2,23,1
2025129,2025-11-12,周三,03,09,14,28,35,02,04,89,32,6,3:2,2:3,6,2
2025130,2025-11-15,周六,01,13,16,27,29,02,11,86,28,6,4:1,2:3,13,9
2025131,2025-11-17,周一,03,08,25,29,32,09,12,97,29,6,3:2,3:2,21,3
2025132,2025-11-19,周三,01,09,10,12,19,06,07,51,18,5,3:2,1:4,13,1
2025133,2025-11-22,周六,04,11,23,27,35,07,11,100,31,5,4:1,3:2,18,4
2025134,2025-11-24,周一,07,12,18,27,33,09,10,97,26,4,3:2,3:2,19,1
2025135,2025-11-26,周三,02,10,16,28,32,01,07,88,30,6,0:5,2:3,8,6
2025136,2025-11-29,周六,07,11,15,16,23,09,11,72,16,4,4:1,1:4,20,2
2025137,2025-12-01,周一,07,08,09,11,22,05,11,57,15,4,3:2,1:4,16,6
2025138,2025-12-03,周三,01,03,19,21,23,07,11,67,22,2,5:0,3:2,18,4
2025139,2025-12-06,周六,08,18,22,30,35,01,04,113,27,6,1:4,4:1,5,3
2025140,2025-12-08,周一,04,05,13,18,34,02,08,74,30,6,2:3,2:3,10,6
2025141,2025-12-10,周三,04,09,24,28,29,02,10,94,25,4,2:3,3:2,12,8
2025142,2025-12-13,周六,09,10,14,27,29,02,09,89,20,6,3:2,2:3,11,7
2025143,2025-12-15,周一,03,04,18,24,29,07,12,78,26,6,2:3,3:2,19,5
2025144,2025-12-17,周三,02,05,13,15,28,05,08,63,26,5,3:2,1:4,13,3
2025145,2025-12-20,周六,05,07,20,22,25,04,05,79,20,4,3:2,3:2,9,1
2025146,2025-12-22,周一,06,11,13,16,22,02,03,68,16,5,2:3,1:4,5,1
2025147,2025-12-24,周三,06,16,21,25,33,07,08,101,27,6,3:2,3:2,15,1
2025148,2025-12-27,周六,03,04,14,30,32,08,12,83,29,6,1:4,2:3,20,4
2025149,2025-12-29,周一,24,26,30,31,32,05,12,143,8,3,1:4,5:0,17,7
2025150,2025-12-31,周三,13,14,15,28,31,01,05,101,18,5,3:2,2:3,6,4
2026001,2026-01-03,周六,07,09,23,27,32,02,08,98,25,6,4:1,3:2,10,6
2026002,2026-01-05,周一,04,08,15,20,31,07,08,78,27,4,2:3,2:3,15,1
2026003,2026-01-07,周三,02,09,11,15,16,02,04,53,14,5,3:2,0:5,6,2
2026004,2026-01-10,周六,05,18,23,25,32,05,09,103,27,5,3:2,4:1,14,4
2026005,2026-01-12,周一,02,04,16,23,35,06,11,80,33,4,2:3,2:3,17,5
2026006,2026-01-14,周三,05,12,18,23,35,06,12,93,30,6,3:2,3:2,18,6
2026007,2026-01-17,周六,01,03,13,20,26,03,10,63,25,6,3:2,2:3,13,7
2026008,2026-01-19,周一,03,06,17,21,33,05,11,80,30,6,4:1,2:3,16,6
2026009,2026-01-21,周三,05,12,13,14,33,05,08,77,28,5,3:2,1:4,13,3
2026010,2026-01-24,周六,02,03,13,18,26,02,09,62,24,6,2:3,2:3,11,7
2026011,2026-01-26,周一,14,21,23,29,33,02,10,120,19,6,4:1,4:1,12,8
2026012,2026-01-28,周三,01,02,09,22,25,01,06,59,24,6,3:2,2:3,7,5
2026013,2026-01-31,周六,03,05,06,23,26,01,04,63,23,4,3:2,2:3,5,3
2026014,2026-02-02,周一,16,18,23,34,35,01,06,126,19,6,2:3,4:1,7,5
2026015,2026-02-04,周三,01,04,10,13,17,03,11,45,16,4,3:2,0:5,14,8
2026016,2026-02-07,周六,08,09,12,19,24,01,06,72,16,6,2:3,2:3,7,5
2026017,2026-02-09,周一,04,05,10,23,31,07,12,73,27,6,3:2,2:3,19,5
2026018,2026-02-11,周三,09,11,19,30,35,01,12,104,26,6,4:1,3:2,13,11
2026019,2026-02-25,周三,12,13,14,16,31,04,12,86,19,4,2:3,1:4,16,8
2026020,2026-02-28,周六,01,10,21,23,29,10,12,84,28,6,4:1,3:2,22,2
2026021,2026-03-02,周一,05,08,12,14,17,04,05,56,12,4,2:3,0:5,9,1
2026022,2026-03-04,周三,05,09,10,18,26,05,06,68,21,5,2:3,2:3,11,1
2026023,2026-03-07,周六,09,25,26,27,28,01,08,115,19,3,3:2,4:1,9,7
2026024,2026-03-09,周一,02,04,08,10,21,09,12,45,19,4,1:4,1:4,21,3
2026025,2026-03-11,周三,03,15,24,28,29,03,07,99,26,6,3:2,3:2,10,4
2026026,2026-03-14,周六,10,11,22,26,32,01,08,101,22,6,1:4,3:2,9,7
2026027,2026-03-16,周一,09,10,11,12,16,01,11,58,7,3,2:3,0:5,12,10
2026028,2026-03-18,周三,15,27,29,30,34,01,10,135,19,6,3:2,4:1,11,9
2026029,2026-03-21,周六,03,05,17,33,35,05,07,93,32,4,5:0,2:3,12,2
2026030,2026-03-23,周一,02,13,22,28,34,05,12,99,32,5,1:4,3:2,17,7
2026031,2026-03-25,周三,06,08,22,29,34,05,07,99,28,6,1:4,3:2,12,2
2026032,2026-03-28,周六,03,04,19,26,32,01,12,84,29,6,2:3,3:2,13,11
2026033,2026-03-30,周一,03,05,07,09,18,02,10,42,15,3,4:1,1:4,12,8
2026034,2026-04-01,周三,11,12,25,26,27,08,11,101,16,2,3:2,3:2,19,3
2026035,2026-04-04,周六,02,22,30,33,34,08,12,121,32,6,1:4,4:1,20,4
2026036,2026-04-06,周一,04,07,16,26,32,05,08,85,28,6,1:4,2:3,13,3
2026037,2026-04-08,周三,07,12,13,28,32,06,08,92,25,6,2:3,2:3,14,2
2026038,2026-04-11,周六,08,17,21,33,35,06,07,114,27,6,4:1,3:2,13,1
2026039,2026-04-13,周一,09,11,20,26,27,06,09,93,18,6,3:2,3:2,15,3
2026040,2026-04-15,周三,06,12,13,21,34,08,09,86,28,6,2:3,2:3,17,1
2026041,2026-04-18,周六,24,25,27,29,34,02,06,139,10,4,3:2,5:0,8,4
2026042,2026-04-20,周一,02,07,13,19,24,03,08,65,22,2,3:2,2:3,11,5
2026043,2026-04-22,周三,08,12,14,19,22,11,12,75,14,6,1:4,2:3,23,1
2026044,2026-04-25,周六,03,08,22,26,29,07,10,88,26,6,2:3,3:2,17,3
2026045,2026-04-27,周一,01,15,21,26,33,04,07,96,32,6,4:1,3:2,11,3
2026046,2026-04-29,周三,01,13,18,27,33,04,07,92,32,6,4:1,3:2,11,3
2026047,2026-05-02,周六,09,20,21,23,28,06,11,101,19,6,3:2,4:1,17,5
2026048,2026-05-04,周一,11,17,20,23,35,01,10,106,24,3,4:1,3:2,11,9
2026049,2026-05-06,周三,01,06,14,15,17,02,03,53,16,6,3:2,0:5,5,1
2026050,2026-05-09,周六,06,10,14,23,33,08,10,86,27,5,2:3,2:3,18,2
2026051,2026-05-11,周一,13,18,28,32,33,02,11,124,20,4,2:3,4:1,13,9
2026052,2026-05-13,周三,02,03,20,28,33,02,12,86,31,6,2:3,3:2,14,10
2026053,2026-05-16,周六,02,09,14,20,31,05,09,76,29,5,2:3,2:3,14,4
2026054,2026-05-18,周一,02,06,14,22,24,08,11,68,22,5,0:5,2:3,19,3
2026055,2026-05-20,周三,09,10,20,33,35,04,11,107,26,6,3:2,3:2,15,7
2026056,2026-05-23,周六,06,07,18,21,30,01,05,82,24,5,2:3,3:2,6,4
2026057,2026-05-25,周一,23,25,26,27,34,04,10,135,11,4,3:2,5:0,14,6
2026058,2026-05-27,周三,07,12,13,18,34,01,05,84,27,4,2:3,2:3,6,4
2026059,2026-05-30,周六,06,13,17,19,26,07,08,81,20,4,3:2,2:3,15,1
2026060,2026-06-01,周一,22,28,30,31,34,01,05,145,12,4,1:4,5:0,6,4
2026061,2026-06-03,周三,10,12,26,31,35,02,12,114,25,6,2:3,3:2,14,10
2026062,2026-06-06,周六,07,15,20,24,29,04,10,95,22,4,3:2,3:2,14,6
2026063,2026-06-08,周一,03,15,20,29,31,01,12,98,28,6,4:1,3:2,13,11
2026064,2026-06-10,周三,03,13,15,17,21,02,07,69,18,4,5:0,1:4,9,5
2026065,2026-06-13,周六,04,11,12,13,25,04,08,65,21,5,3:2,1:4,12,4
2026066,2026-06-15,周一,10,13,19,21,30,04,05,93,20,4,3:2,3:2,9,1
2026067,2026-06-17,周三,06,16,18,19,28,07,11,87,22,4,1:4,3:2,18,4
2026068,2026-06-20,周六,03,11,12,21,22,06,10,69,19,3,3:2,2:3,16,4
2026069,2026-06-22,周一,12,19,21,24,29,03,10,105,17,5,3:2,4:1,13,7
2026070,2026-06-24,周三,04,05,15,21,32,02,11,77,28,4,3:2,2:3,13,9
2026071,2026-06-27,周六,05,13,22,26,32,02,03,98,27,6,2:3,3:2,5,1
2026072,2026-06-29,周一,01,13,26,29,30,09,11,99,29,6,3:2,3:2,20,2
2026073,2026-07-01,周三,04,10,22,23,33,02,12,92,29,6,2:3,3:2,14,10
2026074,2026-07-04,周六,01,04,10,23,25,01,12,63,24,6,3:2,2:3,13,11
2026075,2026-07-06,周一,01,06,16,18,26,04,10,67,25,5,1:4,2:3,14,6
2026076,2026-07-08,周三,15,20,27,28,35,02,11,125,20,4,3:2,4:1,13,9
2026077,2026-07-11,周六,04,14,19,24,27,06,07,88,23,4,2:3,3:2,13,1
2026078,2026-07-13,周一,02,13,20,25,32,08,11,92,30,4,2:3,3:2,19,3
2026079,2026-07-15,周三,06,08,23,26,27,05,12,90,21,6,2:3,3:2,17,7
2026080,2026-07-18,周六,05,10,15,21,23,07,08,74,18,5,4:1,2:3,15,1
2026081,2026-07-20,周一,08,16,18,24,34,09,12,100,26,3,0:5,3:2,21,3
2026082,2026-07-22,周三,16,26,27,28,34,02,06,131,18,5,1:4,4:1,8,4
2026083,2026-07-25,周六,14,15,16,23,26,07,09,94,12,5,2:3,2:3,16,2
2026084,2026-07-27,周一,13,25,30,32,33,04,05,133,20,6,3:2,4:1,9,1
2026085,2026-07-29,周三,03,04,14,28,31,05,07,80,28,6,2:3,2:3,12,2
2026086,2026-08-01,周六,10,11,18,22,35,06,12,96,25,6,2:3,3:2,18,6
2026087,2026-08-03,周一,05,10,16,24,27,04,10,82,22,5,2:3,2:3,14,6
2026088,2026-08-05,周三,03,09,11,24,27,05,11,74,24,6,4:1,2:3,16,6
2026089,2026-08-08,周六,03,07,12,14,26,05,11,62,23,6,2:3,1:4,16,6
2026090,2026-08-10,周一,09,14,17,19,24,02,09,83,15,3,3:2,2:3,11,7
2026091,2026-08-12,周三,03,04,07,12,32,01,02,58,29,6,2:3,1:4,3,1
2026092,2026-08-15,周六,12,16,19,29,33,07,09,109,21,4,3:2,3:2,16,2
2026093,2026-08-17,周一,08,10,22,26,29,03,10,95,21,6,1:4,3:2,13,7
2026094,2026-08-19,周三,05,14,15,17,33,01,07,84,28,6,4:1,1:4,8,6
2026095,2026-08-22,周六,04,06,08,10,14,04,05,42,10,1,0:5,0:5,9,1
2026096,2026-08-24,周一,08,09,10,11,25,04,12,63,17,3,3:2,1:4,16,8
2026097,2026-08-26,周三,03,10,12,20,25,01,09,70,22,6,2:3,2:3,10,8
2026098,2026-08-29,周六,07,09,18,19,21,02,09,74,14,4,4:1,3:2,11,7
2026099,2026-08-31,周一,02,17,20,29,33,08,09,101,31,6,3:2,3:2,17,1
2026100,2026-09-02,周三,02,06,11,15,31,07,08,65,29,4,3:2,1:4,15,1
2026101,2026-09-05,周六,09,11,18,26,33,09,11,97,24,4,3:2,3:2,20,2
2026102,2026-09-07,周一,01,03,07,27,28,06,07,66,27,6,4:1,2:3,13,1
2026103,2026-09-09,周三,03,16,17,32,35,02,12,103,32,6,3:2,2:3,14,10
2026104,2026-09-12,周六,01,06,14,15,26,08,09,62,25,6,2:3,1:4,17,1
2026105,2026-09-14,周一,10,14,30,33,34,09,12,121,24,4,1:4,3:2,21,3
2026106,2026-09-16,周三,14,17,21,25,28,04,06,105,14,2,3:2,3:2,10,2
2026107,2026-09-19,周六,02,05,07,14,22,04,10,50,20,6,2:3,1:4,14,6
2026108,2026-09-21,周一,01,05,07,21,35,01,04,69,34,5,5:0,2:3,5,3
2026109,2026-09-23,周三,12,14,16,27,34,04,08,103,22,5,1:4,2:3,12,4
2026110,2026-09-26,周六,03,24,25,26,35,07,09,113,32,5,3:2,4:1,16,2
2026111,2026-09-28,周一,10,11,17,26,29,01,03,93,19,6,3:2,2:3,4,2
2026112,2026-09-30,周三,01,03,05,10,22,03,09,41,21,5,3:2,1:4,12,6
2026113,2026-10-05,周一,02,04,06,10,11,01,10,33,9,4,1:4,0:5,11,9
2026114,2026-10-07,周三,08,12,15,29,30,09,12,94,22,6,2:3,2:3,21,3
