期号,开奖日期,星期,第1位,第2位,第3位,第4位,第5位,和值,跨度,奇偶比,大小比
2023324,2023-12-04,周一,6,0,2,4,6,18,6,0:5,2:3
2023325,2023-12-05,周二,7,1,7,9,3,27,8,5:0,3:2
2023326,2023-12-06,周三,7,9,0,1,8,25,9,3:2,3:2
2023327,2023-12-07,周四,3,1,4,7,2,17,6,3:2,1:4
2023328,2023-12-08,周五,8,8,2,1,2,21,7,1:4,2:3
2023329,2023-12-09,周六,2,8,9,5,9,33,7,3:2,4:1
2023330,2023-12-10,周日,5,3,1,8,5,22,7,4:1,3:2
2023331,2023-12-11,周一,4,0,2,1,5,12,5,2:3,1:4
2023332,2023-12-12,周二,6,6,7,2,6,27,5,1:4,4:1
2023333,2023-12-13,周三,9,8,9,4,0,30,9,2:3,3:2
2023334,2023-12-14,周四,5,8,7,9,3,32,6,4:1,4:1
2023335,2023-12-15,周五,0,4,7,3,9,23,9,3:2,2:3
2023336,2023-12-16,周六,8,2,1,6,2,19,7,1:4,2:3
2023337,2023-12-17,周日,8,4,6,5,4,27,4,1:4,3:2
2023338,2023-12-18,周一,3,8,0,1,9,21,9,3:2,2:3
2023339,2023-12-19,周二,4,8,2,8,6,28,6,0:5,3:2
2023340,2023-12-20,周三,0,8,9,9,6,32,9,2:3,4:1
2023341,2023-12-21,周四,3,4,1,5,8,21,7,3:2,2:3
2023342,2023-12-22,周五,9,7,8,1,5,30,8,4:1,4:1
2023343,2023-12-23,周六,7,3,0,6,1,17,7,3:2,2:3
2023344,2023-12-24,周日,8,0,1,7,3,19,8,3:2,2:3
2023345,2023-12-25,周一,6,7,8,7,8,36,2,2:3,5:0
2023346,2023-12-26,周二,2,5,8,0,3,18,8,2:3,2:3
2023347,2023-12-27,周三,7,4,2,1,6,20,6,2:3,2:3
2023348,2023-12-28,周四,5,9,7,1,6,28,8,4:1,4:1
2023349,2023-12-29,周五,9,2,3,2,1,17,8,3:2,1:4
2023350,2023-12-30,周六,1,9,7,9,4,30,8,4:1,3:2
2023351,2023-12-31,周日,5,7,1,8,0,21,8,3:2,3:2
2024001,2024-01-01,周一,4,0,3,3,9,19,9,3:2,1:4
2024002,2024-01-02,周二,5,4,4,4,4,21,1,1:4,1:4
2024003,2024-01-03,周三,6,6,6,3,3,24,3,2:3,3:2
2024004,2024-01-04,周四,6,6,5,9,6,32,4,2:3,5:0
2024005,2024-01-05,周五,2,5,9,4,6,26,7,2:3,3:2
2024006,2024-01-06,周六,2,8,4,7,7,28,6,2:3,3:2
2024007,2024-01-07,周日,8,8,8,9,8,41,1,1:4,5:0
2024008,2024-01-08,周一,4,0,5,0,5,14,5,2:3,2:3
2024009,2024-01-09,周二,8,1,5,0,3,17,8,3:2,2:3
2024010,2024-01-10,周三,2,8,1,3,2,16,7,2:3,1:4
2024011,2024-01-11,周四,0,8,0,8,8,24,8,0:5,3:2
2024012,2024-01-12,周五,0,8,1,5,2,16,8,2:3,2:3
2024013,2024-01-13,周六,9,8,5,7,5,34,4,4:1,5:0
2024014,2024-01-14,周日,1,8,7,7,6,29,7,3:2,4:1
2024015,2024-01-15,周一,4,7,5,6,5,27,3,3:2,4:1
2024016,2024-01-16,周二,7,0,2,5,3,17,7,3:2,2:3
2024017,2024-01-17,周三,5,5,5,5,5,25,0,5:0,5:0
2024018,2024-01-18,周四,8,5,9,4,2,28,7,2:3,3:2
2024019,2024-01-19,周五,3,1,3,8,4,19,7,3:2,1:4
2024020,2024-01-20,周六,4,0,6,5,7,22,7,2:3,3:2
2024021,2024-01-21,周日,3,7,0,7,2,19,7,3:2,2:3
2024022,2024-01-22,周一,1,2,4,0,6,13,6,1:4,1:4
2024023,2024-01-23,周二,7,9,3,4,8,31,6,3:2,3:2
2024024,2024-01-24,周三,1,9,9,7,9,35,8,5:0,4:1
2024025,2024-01-25,周四,3,1,4,9,7,24,8,4:1,2:3
2024026,2024-01-26,周五,7,5,1,0,2,15,7,3:2,2:3
2024027,2024-01-27,周六,5,0,2,4,2,13,5,1:4,1:4
2024028,2024-01-28,周日,2,5,9,3,9,28,7,4:1,3:2
2024029,2024-01-29,周一,5,7,5,4,8,29,4,3:2,4:1
2024030,2024-01-30,周二,9,5,1,4,7,26,8,4:1,3:2
2024031,2024-01-31,周三,6,8,2,4,0,20,8,0:5,2:3
2024032,2024-02-01,周四,8,0,5,2,6,21,8,1:4,3:2
2024033,2024-02-02,周五,7,3,9,3,6,28,6,4:1,3:2
2024034,2024-02-03,周六,0,1,7,3,3,14,7,4:1,1:4
2024035,2024-02-04,周日,3,0,6,5,3,17,6,3:2,2:3
2024036,2024-02-05,周一,5,4,7,9,1,26,8,4:1,3:2
2024037,2024-02-06,周二,9,1,0,7,6,23,9,3:2,3:2
2024038,2024-02-07,周三,5,2,9,4,6,26,7,2:3,3:2
2024039,2024-02-18,周日,5,0,8,6,8,27,8,1:4,4:1
2024040,2024-02-19,周一,5,1,4,7,7,24,6,4:1,3:2
2024041,2024-02-20,周二,9,0,5,5,8,27,9,3:2,4:1
2024042,2024-02-21,周三,3,4,2,7,6,22,5,2:3,2:3
2024043,2024-02-22,周四,2,9,6,0,8,25,9,1:4,3:2
2024044,2024-02-23,周五,8,8,5,2,8,31,6,1:4,4:1
2024045,2024-02-24,周六,7,5,7,8,3,30,5,4:1,4:1
2024046,2024-02-25,周日,7,0,2,6,3,18,7,2:3,2:3
2024047,2024-02-26,周一,7,6,0,8,8,29,8,1:4,4:1
2024048,2024-02-27,周二,3,9,6,3,5,26,6,4:1,3:2
2024049,2024-02-28,周三,6,3,1,0,1,11,6,3:2,1:4
2024050,2024-02-29,周四,4,9,5,9,5,32,5,4:1,4:1
2024051,2024-03-01,周五,6,7,4,7,5,29,3,3:2,4:1
2024052,2024-03-02,周六,9,9,5,0,5,28,9,4:1,4:1
2024053,2024-03-03,周日,9,5,8,2,8,32,7,2:3,4:1
2024054,2024-03-04,周一,2,2,1,8,7,20,7,2:3,2:3
2024055,2024-03-05,周二,1,7,3,3,3,17,6,5:0,1:4
2024056,2024-03-06,周三,7,8,8,3,0,26,8,2:3,3:2
2024057,2024-03-07,周四,7,6,5,8,5,31,3,3:2,5:0
2024058,2024-03-08,周五,0,6,5,4,8,23,8,1:4,3:2
2024059,2024-03-09,周六,6,2,9,7,9,33,7,3:2,4:1
2024060,2024-03-10,周日,3,5,7,2,6,23,5,3:2,3:2
2024061,2024-03-11,周一,2,5,0,7,0,14,7,2:3,2:3
2024062,2024-03-12,周二,7,8,4,5,5,29,4,3:2,4:1
2024063,2024-03-13,周三,6,5,1,9,0,21,9,3:2,3:2
2024064,2024-03-14,周四,1,3,2,2,8,16,7,2:3,1:4
2024065,2024-03-15,周五,9,0,3,7,6,25,9,3:2,3:2
2024066,2024-03-16,周六,8,0,3,8,3,22,8,2:3,2:3
2024067,2024-03-17,周日,5,4,9,6,9,33,5,3:2,4:1
2024068,2024-03-18,周一,2,3,9,8,1,23,8,3:2,2:3
2024069,2024-03-19,周二,4,1,1,0,9,15,9,3:2,1:4
2024070,2024-03-20,周三,8,9,1,0,3,21,9,3:2,2:3
2024071,2024-03-21,周四,2,5,8,2,0,17,8,1:4,2:3
2024072,2024-03-22,周五,3,4,1,5,3,16,4,4:1,1:4
2024073,2024-03-23,周六,5,9,0,4,3,21,9,3:2,2:3
2024074,2024-03-24,周日,6,2,9,5,2,24,7,2:3,3:2
2024075,2024-03-25,周一,2,8,5,0,8,23,8,1:4,3:2
2024076,2024-03-26,周二,9,6,8,7,5,35,4,3:2,5:0
2024077,2024-03-27,周三,6,2,6,8,5,27,6,1:4,4:1
2024078,2024-03-28,周四,1,2,6,8,0,17,8,1:4,2:3
2024079,2024-03-29,周五,8,8,9,0,8,33,9,1:4,4:1
2024080,2024-03-30,周六,0,1,2,6,4,13,6,1:4,1:4
2024081,2024-03-31,周日,9,2,8,5,1,25,8,3:2,3:2
2024082,2024-04-01,周一,5,7,1,5,4,22,6,4:1,3:2
2024083,2024-04-02,周二,2,3,2,1,9,17,8,3:2,1:4
2024084,2024-04-03,周三,5,4,9,4,7,29,5,3:2,3:2
2024085,2024-04-04,周四,4,9,3,6,1,23,8,3:2,2:3
2024086,2024-04-05,周五,2,7,8,3,5,25,6,3:2,3:2
2024087,2024-04-06,周六,1,6,1,0,7,15,7,3:2,2:3
2024088,2024-04-07,周日,8,1,9,5,2,25,8,3:2,3:2
2024089,2024-04-08,周一,1,1,7,0,4,13,7,3:2,1:4
2024090,2024-04-09,周二,2,0,6,2,6,16,6,0:5,2:3
2024091,2024-04-10,周三,1,9,6,5,1,22,8,4:1,3:2
2024092,2024-04-11,周四,1,5,0,4,4,14,5,2:3,1:4
2024093,2024-04-12,周五,9,3,5,3,8,28,6,4:1,3:2
2024094,2024-04-13,周六,2,7,1,7,6,23,6,3:2,3:2
2024095,2024-04-14,周日,1,7,5,4,3,20,6,4:1,2:3
2024096,2024-04-15,周一,4,6,3,5,2,20,4,2:3,2:3
2024097,2024-04-16,周二,8,6,3,7,2,26,6,2:3,3:2
2024098,2024-04-17,周三,2,4,7,0,5,18,7,2:3,2:3
2024099,2024-04-18,周四,1,0,2,5,4,12,5,2:3,1:4
2024100,2024-04-19,周五,1,5,7,7,1,21,6,5:0,3:2
2024101,2024-04-20,周六,0,3,0,7,4,14,7,2:3,1:4
2024102,2024-04-21,周日,2,1,5,3,6,17,5,3:2,2:3
2024103,2024-04-22,周一,5,5,1,2,0,13,5,3:2,2:3
2024104,2024-04-23,周二,4,7,4,2,8,25,6,1:4,2:3
2024105,2024-04-24,周三,2,1,0,1,5,9,5,3:2,1:4
2024106,2024-04-25,周四,5,3,3,2,3,16,3,4:1,1:4
2024107,2024-04-26,周五,4,9,9,3,6,31,6,3:2,3:2
2024108,2024-04-27,周六,2,5,2,8,3,20,6,2:3,2:3
2024109,2024-04-28,周日,2,4,3,6,6,21,4,1:4,2:3
2024110,2024-04-29,周一,6,2,9,0,4,21,9,1:4,2:3
2024111,2024-04-30,周二,3,3,6,7,1,20,6,4:1,2:3
2024112,2024-05-01,周三,2,1,8,0,3,14,8,2:3,1:4
2024113,2024-05-02,周四,3,4,5,0,0,12,5,2:3,1:4
2024114,2024-05-03,周五,5,4,8,5,6,28,4,2:3,4:1
2024115,2024-05-04,周六,6,2,0,2,3,13,6,1:4,1:4
2024116,2024-05-05,周日,3,4,8,4,5,24,5,2:3,2:3
2024117,2024-05-06,周一,1,8,5,8,6,28,7,2:3,4:1
2024118,2024-05-07,周二,7,3,3,7,2,22,5,4:1,2:3
2024119,2024-05-08,周三,2,5,5,3,3,18,3,4:1,2:3
2024120,2024-05-09,周四,5,2,9,1,1,18,8,4:1,2:3
2024121,2024-05-10,周五,5,1,8,4,4,22,7,2:3,2:3
2024122,2024-05-11,周六,2,4,6,3,8,23,6,1:4,2:3
2024123,2024-05-12,周日,5,3,8,5,8,29,5,3:2,4:1
2024124,2024-05-13,周一,8,3,5,0,3,19,8,3:2,2:3
2024125,2024-05-14,周二,7,0,6,8,0,21,8,1:4,3:2
2024126,2024-05-15,周三,3,7,9,5,2,26,7,4:1,3:2
2024127,2024-05-16,周四,7,4,4,0,5,20,7,2:3,2:3
2024128,2024-05-17,周五,0,1,7,8,0,16,8,2:3,2:3
2024129,2024-05-18,周六,2,7,8,7,3,27,6,3:2,3:2
2024130,2024-05-19,周日,1,2,2,0,2,7,2,1:4,0:5
2024131,2024-05-20,周一,5,7,1,4,1,18,6,4:1,2:3
2024132,2024-05-21,周二,6,0,4,4,8,22,8,0:5,2:3
2024133,2024-05-22,周三,2,8,1,2,1,14,7,2:3,1:4
2024134,2024-05-23,周四,6,6,0,7,9,28,9,2:3,4:1
2024135,2024-05-24,周五,8,9,1,6,0,24,9,2:3,3:2
2024136,2024-05-25,周六,0,6,2,8,1,17,8,1:4,2:3
2024137,2024-05-26,周日,1,2,8,7,9,27,8,3:2,3:2
2024138,2024-05-27,周一,9,9,7,5,5,35,4,5:0,5:0
2024139,2024-05-28,周二,5,3,6,9,3,26,6,4:1,3:2
2024140,2024-05-29,周三,5,2,0,8,6,21,8,1:4,3:2
2024141,2024-05-30,周四,8,0,4,3,6,21,8,1:4,2:3
2024142,2024-05-31,周五,4,2,6,3,2,17,4,1:4,1:4
2024143,2024-06-01,周六,1,8,5,0,6,20,8,2:3,3:2
2024144,2024-06-02,周日,1,4,7,8,6,26,7,2:3,3:2
2024145,2024-06-03,周一,2,0,5,7,1,15,7,3:2,2:3
2024146,2024-06-04,周二,9,9,1,9,7,35,8,5:0,4:1
2024147,2024-06-05,周三,5,5,8,7,1,26,7,4:1,4:1
2024148,2024-06-06,周四,3,4,3,0,5,15,5,3:2,1:4
2024149,2024-06-07,周五,6,7,6,1,5,25,6,3:2,4:1
2024150,2024-06-08,周六,1,2,9,0,4,16,9,2:3,1:4
2024151,2024-06-09,周日,9,0,0,3,1,13,9,3:2,1:4
2024152,2024-06-10,周一,9,3,6,4,8,30,6,2:3,3:2
2024153,2024-06-11,周二,3,8,9,5,5,30,6,4:1,4:1
2024154,2024-06-12,周三,9,8,3,5,3,28,6,4:1,3:2
2024155,2024-06-13,周四,8,8,9,7,8,40,2,2:3,5:0
2024156,2024-06-14,周五,1,7,2,4,4,18,6,2:3,1:4
2024157,2024-06-15,周六,2,1,1,3,8,15,7,3:2,1:4
2024158,2024-06-16,周日,6,0,6,4,7,23,7,1:4,3:2
2024159,2024-06-17,周一,4,3,0,6,7,20,7,2:3,2:3
2024160,2024-06-18,周二,4,2,5,5,3,19,3,3:2,2:3
2024161,2024-06-19,周三,6,4,9,4,9,32,5,2:3,3:2
2024162,2024-06-20,周四,3,2,0,4,4,13,4,1:4,0:5
2024163,2024-06-21,周五,5,1,4,6,5,21,5,3:2,3:2
2024164,2024-06-22,周六,0,0,6,7,2,15,7,1:4,2:3
2024165,2024-06-23,周日,9,3,2,9,4,27,7,3:2,2:3
2024166,2024-06-24,周一,4,7,9,5,8,33,5,3:2,4:1
2024167,2024-06-25,周二,5,0,7,6,8,26,8,2:3,4:1
2024168,2024-06-26,周三,5,4,1,4,7,21,6,3:2,2:3
2024169,2024-06-27,周四,7,5,9,3,1,25,8,5:0,3:2
2024170,2024-06-28,周五,0,3,1,7,3,14,7,4:1,1:4
2024171,2024-06-29,周六,0,7,0,7,8,22,8,2:3,3:2
2024172,2024-06-30,周日,4,0,0,5,5,14,5,2:3,2:3
2024173,2024-07-01,周一,6,5,8,8,7,34,3,2:3,5:0
2024174,2024-07-02,周二,1,9,1,8,5,24,8,4:1,3:2
2024175,2024-07-03,周三,1,9,5,0,6,21,9,3:2,3:2
2024176,2024-07-04,周四,9,3,2,5,0,19,9,3:2,2:3
2024177,2024-07-05,周五,5,7,9,8,2,31,7,3:2,4:1
2024178,2024-07-06,周六,6,6,3,4,7,26,4,2:3,3:2
2024179,2024-07-07,周日,5,3,5,4,4,21,2,3:2,2:3
2024180,2024-07-08,周一,2,1,5,4,9,21,8,3:2,2:3
2024181,2024-07-09,周二,3,2,3,9,5,22,7,4:1,2:3
2024182,2024-07-10,周三,2,8,2,4,7,23,6,1:4,2:3
2024183,2024-07-11,周四,5,0,0,9,5,19,9,3:2,3:2
2024184,2024-07-12,周五,7,3,0,4,9,23,9,3:2,2:3
2024185,2024-07-13,周六,8,8,4,9,6,35,5,1:4,4:1
2024186,2024-07-14,周日,3,6,7,3,4,23,4,3:2,2:3
2024187,2024-07-15,周一,8,8,3,5,8,32,5,2:3,4:1
2024188,2024-07-16,周二,0,2,4,4,3,13,4,1:4,0:5
2024189,2024-07-17,周三,7,9,3,2,2,23,7,3:2,2:3
2024190,2024-07-18,周四,6,4,4,9,2,25,7,1:4,2:3
2024191,2024-07-19,周五,4,3,9,2,4,22,7,2:3,1:4
2024192,2024-07-20,周六,3,4,0,7,1,15,7,3:2,1:4
2024193,2024-07-21,周日,0,0,6,2,9,17,9,1:4,2:3
2024194,2024-07-22,周一,0,7,8,9,1,25,9,3:2,3:2
2024195,2024-07-23,周二,5,1,7,0,4,17,7,3:2,2:3
2024196,2024-07-24,周三,5,3,9,0,5,22,9,4:1,3:2
2024197,2024-07-25,周四,1,0,5,6,1,13,6,3:2,2:3
2024198,2024-07-26,周五,5,5,0,0,3,13,5,3:2,2:3
2024199,2024-07-27,周六,5,5,8,1,5,24,7,4:1,4:1
2024200,2024-07-28,周日,3,8,0,7,1,19,8,3:2,2:3
2024201,2024-07-29,周一,5,1,5,2,2,15,4,3:2,2:3
2024202,2024-07-30,周二,1,8,7,0,8,24,8,2:3,3:2
2024203,2024-07-31,周三,5,9,2,6,9,31,7,3:2,4:1
2024204,2024-08-01,周四,0,4,7,9,4,24,9,2:3,2:3
2024205,2024-08-02,周五,2,4,1,6,9,22,8,2:3,2:3
2024206,2024-08-03,周六,4,4,6,6,4,24,2,0:5,2:3
2024207,2024-08-04,周日,9,8,2,0,5,24,9,2:3,3:2
2024208,2024-08-05,周一,9,7,3,7,1,27,8,5:0,3:2
2024209,2024-08-06,周二,5,3,5,5,6,24,3,4:1,4:1
2024210,2024-08-07,周三,2,8,5,9,1,25,8,3:2,3:2
2024211,2024-08-08,周四,6,4,9,7,5,31,5,3:2,4:1
2024212,2024-08-09,周五,7,2,7,0,3,19,7,3:2,2:3
2024213,2024-08-10,周六,7,3,4,6,2,22,5,2:3,2:3
2024214,2024-08-11,周日,1,4,5,3,3,16,4,4:1,1:4
2024215,2024-08-12,周一,8,7,7,5,4,31,4,3:2,4:1
2024216,2024-08-13,周二,8,4,8,3,9,32,6,2:3,3:2
2024217,2024-08-14,周三,1,1,1,0,9,12,9,4:1,1:4
2024218,2024-08-15,周四,2,9,1,7,8,27,8,3:2,3:2
2024219,2024-08-16,周五,9,7,1,7,0,24,9,4:1,3:2
2024220,2024-08-17,周六,7,2,4,1,5,19,6,3:2,2:3
2024221,2024-08-18,周日,5,0,0,5,0,10,5,2:3,2:3
2024222,2024-08-19,周一,9,9,3,3,8,32,6,4:1,3:2
2024223,2024-08-20,周二,5,4,9,1,2,21,8,3:2,2:3
2024224,2024-08-21,周三,8,3,5,2,9,27,7,3:2,3:2
2024225,2024-08-22,周四,7,5,8,6,3,29,5,3:2,4:1
2024226,2024-08-23,周五,2,3,2,3,4,14,2,2:3,0:5
2024227,2024-08-24,周六,9,9,5,1,2,26,8,4:1,3:2
2024228,2024-08-25,周日,2,7,4,1,2,16,6,2:3,1:4
2024229,2024-08-26,周一,9,2,6,1,6,24,8,2:3,3:2
2024230,2024-08-27,周二,0,8,8,3,7,26,8,2:3,3:2
2024231,2024-08-28,周三,6,9,6,4,9,34,5,2:3,4:1
2024232,2024-08-29,周四,2,9,7,6,1,25,8,3:2,3:2
2024233,2024-08-30,周五,4,9,8,4,6,31,5,1:4,3:2
2024234,2024-08-31,周六,2,7,5,9,3,26,7,4:1,3:2
2024235,2024-09-01,周日,9,5,4,1,1,20,8,4:1,2:3
2024236,2024-09-02,周一,3,7,6,9,7,32,6,4:1,4:1
2024237,2024-09-03,周二,3,5,6,8,5,27,5,3:2,4:1
2024238,2024-09-04,周三,4,3,0,6,7,20,7,2:3,2:3
2024239,2024-09-05,周四,1,6,8,4,8,27,7,1:4,3:2
2024240,2024-09-06,周五,8,1,5,2,6,22,7,2:3,3:2
2024241,2024-09-07,周六,0,6,3,9,2,20,9,2:3,2:3
2024242,2024-09-08,周日,1,8,8,9,4,30,8,2:3,3:2
2024243,2024-09-09,周一,9,1,6,3,0,19,9,3:2,2:3
2024244,2024-09-10,周二,3,6,8,9,4,30,6,2:3,3:2
2024245,2024-09-11,周三,1,8,4,9,4,26,8,2:3,2:3
2024246,2024-09-12,周四,8,1,6,4,6,25,7,1:4,3:2
2024247,2024-09-13,周五,4,3,4,8,9,28,6,2:3,2:3
2024248,2024-09-14,周六,9,5,4,3,4,25,6,3:2,2:3
2024249,2024-09-15,周日,1,9,8,3,2,23,8,3:2,2:3
2024250,2024-09-16,周一,6,0,6,9,2,23,9,1:4,3:2
2024251,2024-09-17,周二,3,5,6,2,7,23,5,3:2,3:2
2024252,2024-09-18,周三,7,0,0,5,2,14,7,2:3,2:3
2024253,2024-09-19,周四,1,4,8,3,0,16,8,2:3,1:4
2024254,2024-09-20,周五,4,2,3,1,4,14,3,2:3,0:5
2024255,2024-09-21,周六,1,5,5,8,7,26,7,4:1,4:1
2024256,2024-09-22,周日,5,4,9,1,3,22,8,4:1,2:3
2024257,2024-09-23,周一,0,0,8,6,3,17,8,1:4,2:3
2024258,2024-09-24,周二,6,9,0,5,7,27,9,3:2,4:1
2024259,2024-09-25,周三,4,4,4,6,9,27,5,1:4,2:3
2024260,2024-09-26,周四,5,2,3,2,5,17,3,3:2,2:3
2024261,2024-09-27,周五,1,9,5,9,9,33,8,5:0,4:1
2024262,2024-09-28,周六,2,1,6,4,6,19,5,1:4,2:3
2024263,2024-09-29,周日,4,0,4,8,4,20,8,0:5,1:4
2024264,2024-09-30,周一,3,4,7,3,5,22,4,4:1,2:3
2024265,2024-10-05,周六,7,0,1,0,4,12,7,2:3,1:4
2024266,2024-10-06,周日,1,4,3,4,6,18,5,2:3,1:4
2024267,2024-10-07,周一,8,4,1,7,4,24,7,2:3,2:3
2024268,2024-10-08,周二,8,3,1,3,8,23,7,3:2,2:3
2024269,2024-10-09,周三,3,2,4,3,2,14,2,2:3,0:5
2024270,2024-10-10,周四,8,0,1,6,7,22,8,2:3,3:2
2024271,2024-10-11,周五,3,9,5,7,3,27,6,5:0,3:2
2024272,2024-10-12,周六,4,3,6,9,2,24,7,2:3,2:3
2024273,2024-10-13,周日,8,1,2,3,9,23,8,3:2,2:3
2024274,2024-10-14,周一,2,7,4,8,3,24,6,2:3,2:3
2024275,2024-10-15,周二,6,8,1,3,2,20,7,2:3,2:3
2024276,2024-10-16,周三,0,8,8,7,8,31,8,1:4,4:1
2024277,2024-10-17,周四,6,2,3,6,4,21,4,1:4,2:3
2024278,2024-10-18,周五,1,3,4,4,3,15,3,3:2,0:5
2024279,2024-10-19,周六,8,8,6,7,2,31,6,1:4,4:1
2024280,2024-10-20,周日,8,5,9,7,1,30,8,4:1,4:1
2024281,2024-10-21,周一,4,6,5,0,6,21,6,1:4,3:2
2024282,2024-10-22,周二,9,0,5,5,6,25,9,3:2,4:1
2024283,2024-10-23,周三,2,8,5,5,5,25,6,3:2,4:1
2024284,2024-10-24,周四,0,3,4,6,5,18,6,2:3,2:3
2024285,2024-10-25,周五,3,4,7,4,6,24,4,2:3,2:3
2024286,2024-10-26,周六,1,5,6,7,8,27,7,3:2,4:1
2024287,2024-10-27,周日,9,4,5,6,1,25,8,3:2,3:2
2024288,2024-10-28,周一,8,1,0,9,8,26,9,2:3,3:2
2024289,2024-10-29,周二,0,0,6,4,3,13,6,1:4,1:4
2024290,2024-10-30,周三,0,0,4,4,9,17,9,1:4,1:4
2024291,2024-10-31,周四,3,4,0,4,3,14,4,2:3,0:5
2024292,2024-11-01,周五,0,3,0,0,0,3,3,1:4,0:5
2024293,2024-11-02,周六,0,4,4,8,1,17,8,1:4,1:4
2024294,2024-11-03,周日,7,0,1,9,2,19,9,3:2,2:3
2024295,2024-11-04,周一,5,5,2,5,2,19,3,3:2,3:2
2024296,2024-11-05,周二,8,9,8,0,7,32,9,2:3,4:1
2024297,2024-11-06,周三,0,3,7,1,2,13,7,3:2,1:4
2024298,2024-11-07,周四,6,8,0,8,8,30,8,0:5,4:1
2024299,2024-11-08,周五,5,8,1,0,2,16,8,2:3,2:3
2024300,2024-11-09,周六,9,3,3,3,6,24,6,4:1,2:3
2024301,2024-11-10,周日,8,7,7,3,3,28,5,4:1,3:2
2024302,2024-11-11,周一,3,9,8,0,3,23,9,3:2,2:3
2024303,2024-11-12,周二,2,0,1,9,2,14,9,2:3,1:4
2024304,2024-11-13,周三,4,2,5,3,8,22,6,2:3,2:3
2024305,2024-11-14,周四,8,4,1,8,4,25,7,1:4,2:3
2024306,2024-11-15,周五,5,0,8,8,1,22,8,2:3,3:2
2024307,2024-11-16,周六,5,8,2,1,6,22,7,2:3,3:2
2024308,2024-11-17,周日,8,4,3,9,9,33,6,3:2,3:2
2024309,2024-11-18,周一,4,8,3,0,0,15,8,1:4,1:4
2024310,2024-11-19,周二,7,1,8,9,6,31,8,3:2,4:1
2024311,2024-11-20,周三,5,3,3,1,4,16,4,4:1,1:4
2024312,2024-11-21,周四,4,1,3,2,3,13,3,3:2,0:5
2024313,2024-11-22,周五,4,7,1,1,6,19,6,3:2,2:3
2024314,2024-11-23,周六,0,8,0,2,2,12,8,0:5,1:4
2024315,2024-11-24,周日,0,7,1,1,9,18,9,4:1,2:3
2024316,2024-11-25,周一,3,3,2,7,5,20,5,4:1,2:3
2024317,2024-11-26,周二,3,5,5,7,5,25,4,5:0,4:1
2024318,2024-11-27,周三,2,4,3,9,8,26,7,2:3,2:3
2024319,2024-11-28,周四,7,9,3,3,5,27,6,5:0,3:2
2024320,2024-11-29,周五,8,6,3,4,6,27,5,1:4,3:2
2024321,2024-11-30,周六,0,5,0,0,7,12,7,2:3,2:3
2024322,2024-12-01,周日,6,7,8,5,8,34,3,2:3,5:0
2024323,2024-12-02,周一,9,1,4,7,3,24,8,4:1,2:3
2024324,2024-12-03,周二,6,3,0,1,3,13,6,3:2,1:4
2024325,2024-12-04,周三,0,2,3,0,7,12,7,2:3,1:4
2024326,2024-12-05,周四,2,5,7,0,1,15,7,3:2,2:3
2024327,2024-12-06,周五,1,3,4,2,2,12,3,2:3,0:5
2024328,2024-12-07,周六,1,2,5,0,4,12,5,2:3,1:4
2024329,2024-12-08,周日,1,4,7,8,0,20,8,2:3,2:3
2024330,2024-12-09,周一,8,1,1,3,6,19,7,3:2,2:3
2024331,2024-12-10,周二,7,1,2,2,7,19,6,3:2,2:3
2024332,2024-12-11,周三,6,7,9,5,7,34,4,4:1,5:0
2024333,2024-12-12,周四,8,4,8,5,9,34,5,2:3,4:1
2024334,2024-12-13,周五,7,4,6,8,1,26,7,2:3,3:2
2024335,2024-12-14,周六,4,9,9,0,6,28,9,2:3,3:2
2024336,2024-12-15,周日,2,4,9,6,7,28,7,2:3,3:2
2024337,2024-12-16,周一,1,7,2,5,4,19,6,3:2,2:3
2024338,2024-12-17,周二,1,5,5,5,1,17,4,5:0,3:2
2024339,2024-12-18,周三,9,1,8,6,3,27,8,3:2,3:2
2024340,2024-12-19,周四,0,3,1,7,2,13,7,3:2,1:4
2024341,2024-12-20,周五,6,5,3,4,3,21,3,3:2,2:3
2024342,2024-12-21,周六,0,8,4,8,3,23,8,1:4,2:3
2024343,2024-12-22,周日,4,8,1,1,5,19,7,3:2,2:3
2024344,2024-12-23,周一,5,4,6,1,3,19,5,3:2,2:3
2024345,2024-12-24,周二,6,2,0,3,0,11,6,1:4,1:4
2024346,2024-12-25,周三,6,7,7,2,2,24,5,2:3,3:2
2024347,2024-12-26,周四,8,9,3,4,3,27,6,3:2,2:3
2024348,2024-12-27,周五,1,9,2,0,9,21,9,3:2,2:3
2024349,2024-12-28,周六,9,0,7,3,2,21,9,3:2,2:3
2024350,2024-12-29,周日,2,2,0,4,2,10,4,0:5,0:5
2024351,2024-12-30,周一,7,8,8,8,8,39,1,1:4,5:0
2024352,2024-12-31,周二,6,9,1,8,9,33,8,3:2,4:1
2025001,2025-01-01,周三,1,2,3,3,6,15,5,3:2,1:4
2025002,2025-01-02,周四,9,0,0,6,9,24,9,2:3,3:2
2025003,2025-01-03,周五,1,6,8,4,4,23,7,1:4,2:3
2025004,2025-01-04,周六,3,5,1,8,8,25,7,3:2,3:2
2025005,2025-01-05,周日,6,1,7,7,8,29,7,3:2,4:1
2025006,2025-01-06,周一,6,5,6,9,3,29,6,3:2,4:1
2025007,2025-01-07,周二,3,6,2,1,3,15,5,3:2,1:4
2025008,2025-01-08,周三,1,2,8,0,9,20,9,2:3,2:3
2025009,2025-01-09,周四,8,0,6,0,2,16,8,0:5,2:3
2025010,2025-01-10,周五,1,4,3,2,3,13,3,3:2,0:5
2025011,2025-01-11,周六,0,2,7,4,9,22,9,2:3,2:3
2025012,2025-01-12,周日,4,7,1,6,8,26,7,2:3,3:2
2025013,2025-01-13,周一,9,7,8,0,6,30,9,2:3,4:1
2025014,2025-01-14,周二,5,0,8,7,8,28,8,2:3,4:1
2025015,2025-01-15,周三,3,9,8,7,8,35,6,3:2,4:1
2025016,2025-01-16,周四,9,6,3,5,2,25,7,3:2,3:2
2025017,2025-01-17,周五,9,5,6,9,2,31,7,3:2,4:1
2025018,2025-01-18,周六,2,9,2,5,5,23,7,3:2,3:2
2025019,2025-01-19,周日,7,3,4,2,6,22,5,2:3,2:3
2025020,2025-01-20,周一,1,5,9,7,6,28,8,4:1,4:1
2025021,2025-01-21,周二,3,4,6,5,2,20,4,2:3,2:3
2025022,2025-01-22,周三,4,8,4,0,2,18,8,0:5,1:4
2025023,2025-01-23,周四,7,8,8,0,4,27,8,1:4,3:2
2025024,2025-01-24,周五,2,2,8,5,0,17,8,1:4,2:3
2025025,2025-01-25,周六,6,7,7,5,0,25,7,3:2,4:1
2025026,2025-01-26,周日,3,4,6,3,5,21,3,3:2,2:3
2025027,2025-02-06,周四,0,4,8,7,3,22,8,2:3,2:3
2025028,2025-02-07,周五,8,2,2,3,2,17,6,1:4,1:4
2025029,2025-02-08,周六,4,8,9,4,7,32,5,2:3,3:2
2025030,2025-02-09,周日,2,9,7,1,8,27,8,3:2,3:2
2025031,2025-02-10,周一,5,1,3,4,1,14,4,4:1,1:4
2025032,2025-02-11,周二,3,9,2,7,0,21,9,3:2,2:3
2025033,2025-02-12,周三,9,3,4,5,2,23,7,3:2,2:3
2025034,2025-02-13,周四,3,0,9,1,2,15,9,3:2,1:4
2025035,2025-02-14,周五,8,4,9,7,8,36,5,2:3,4:1
2025036,2025-02-15,周六,5,2,1,0,2,10,5,2:3,1:4
2025037,2025-02-16,周日,5,7,8,8,7,35,3,3:2,5:0
2025038,2025-02-17,周一,3,6,6,1,4,20,5,2:3,2:3
2025039,2025-02-18,周二,5,8,8,6,6,33,3,1:4,5:0
2025040,2025-02-19,周三,8,7,5,2,1,23,7,3:2,3:2
2025041,2025-02-20,周四,9,1,6,2,1,19,8,3:2,2:3
2025042,2025-02-21,周五,6,7,5,5,3,26,4,4:1,4:1
2025043,2025-02-22,周六,5,5,2,2,5,19,3,3:2,3:2
2025044,2025-02-23,周日,8,0,5,7,3,23,8,3:2,3:2
2025045,2025-02-24,周一,7,2,2,9,2,22,7,2:3,2:3
2025046,2025-02-25,周二,3,7,2,5,7,24,5,4:1,3:2
2025047,2025-02-26,周三,8,0,6,2,1,17,8,1:4,2:3
2025048,2025-02-27,周四,5,7,0,4,3,19,7,3:2,2:3
2025049,2025-02-28,周五,0,3,7,3,0,13,7,3:2,1:4
2025050,2025-03-01,周六,5,7,0,5,7,24,7,4:1,4:1
2025051,2025-03-02,周日,9,7,3,6,1,26,8,4:1,3:2
2025052,2025-03-03,周一,3,3,7,2,6,21,5,3:2,2:3
2025053,2025-03-04,周二,8,9,9,3,0,29,9,3:2,3:2
2025054,2025-03-05,周三,3,8,4,4,0,19,8,1:4,1:4
2025055,2025-03-06,周四,9,1,6,4,5,25,8,3:2,3:2
2025056,2025-03-07,周五,7,1,6,1,2,17,6,3:2,2:3
2025057,2025-03-08,周六,7,6,5,4,4,26,3,2:3,3:2
2025058,2025-03-09,周日,6,7,2,9,1,25,8,3:2,3:2
2025059,2025-03-10,周一,7,7,1,2,8,25,7,3:2,3:2
2025060,2025-03-11,周二,7,9,3,3,3,25,6,5:0,2:3
2025061,2025-03-12,周三,4,9,0,4,5,22,9,2:3,2:3
2025062,2025-03-13,周四,2,5,7,1,2,17,6,3:2,2:3
2025063,2025-03-14,周五,4,6,6,7,6,29,3,1:4,4:1
2025064,2025-03-15,周六,6,5,6,4,0,21,6,1:4,3:2
2025065,2025-03-16,周日,9,9,0,3,1,22,9,4:1,2:3
2025066,2025-03-17,周一,1,8,4,6,2,21,7,1:4,2:3
2025067,2025-03-18,周二,6,7,1,6,1,21,6,3:2,3:2
2025068,2025-03-19,周三,9,7,5,6,2,29,7,3:2,4:1
2025069,2025-03-20,周四,9,3,4,1,1,18,8,4:1,1:4
2025070,2025-03-21,周五,7,7,1,1,5,21,6,5:0,3:2
2025071,2025-03-22,周六,4,6,2,8,8,28,6,0:5,3:2
2025072,2025-03-23,周日,9,3,5,9,4,30,6,4:1,3:2
2025073,2025-03-24,周一,1,3,2,9,9,24,8,4:1,2:3
2025074,2025-03-25,周二,1,7,9,6,2,25,8,3:2,3:2
2025075,2025-03-26,周三,7,4,3,7,3,24,4,4:1,2:3
2025076,2025-03-27,周四,4,0,7,5,0,16,7,2:3,2:3
2025077,2025-03-28,周五,4,2,5,7,9,27,7,3:2,3:2
2025078,2025-03-29,周六,1,1,3,4,6,15,5,3:2,1:4
2025079,2025-03-30,周日,2,9,6,7,6,30,7,2:3,4:1
2025080,2025-03-31,周一,7,3,8,6,4,28,5,2:3,3:2
2025081,2025-04-01,周二,7,6,6,8,3,30,5,2:3,4:1
2025082,2025-04-02,周三,3,4,4,5,2,18,3,2:3,1:4
2025083,2025-04-03,周四,5,9,3,9,7,33,6,5:0,4:1
2025084,2025-04-04,周五,3,0,4,7,5,19,7,3:2,2:3
2025085,2025-04-05,周六,3,5,3,2,7,20,5,4:1,2:3
2025086,2025-04-06,周日,6,3,4,4,4,21,3,1:4,1:4
2025087,2025-04-07,周一,8,4,5,7,9,33,5,3:2,4:1
2025088,2025-04-08,周二,2,2,2,3,1,10,2,2:3,0:5
2025089,2025-04-09,周三,2,0,8,8,3,21,8,1:4,2:3
2025090,2025-04-10,周四,9,9,3,4,8,33,6,3:2,3:2
2025091,2025-04-11,周五,8,3,0,0,6,17,8,1:4,2:3
2025092,2025-04-12,周六,7,2,1,9,4,23,8,3:2,2:3
2025093,2025-04-13,周日,4,3,2,2,5,16,3,2:3,1:4
2025094,2025-04-14,周一,5,3,4,0,6,18,6,2:3,2:3
2025095,2025-04-15,周二,6,7,2,7,8,30,6,2:3,4:1
2025096,2025-04-16,周三,9,4,8,7,1,29,8,3:2,3:2
2025097,2025-04-17,周四,1,7,1,6,9,24,8,4:1,3:2
2025098,2025-04-18,周五,1,9,2,7,5,24,8,4:1,3:2
2025099,2025-04-19,周六,1,7,4,5,1,18,6,4:1,2:3
2025100,2025-04-20,周日,9,9,7,0,2,27,9,3:2,3:2
2025101,2025-04-21,周一,9,1,1,5,7,23,8,5:0,3:2
2025102,2025-04-22,周二,2,3,3,4,3,15,2,3:2,0:5
2025103,2025-04-23,周三,4,7,1,4,0,16,7,2:3,1:4
2025104,2025-04-24,周四,1,4,4,9,1,19,8,3:2,1:4
2025105,2025-04-25,周五,0,8,4,9,2,23,9,1:4,2:3
2025106,2025-04-26,周六,0,7,6,7,6,26,7,2:3,4:1
2025107,2025-04-27,周日,7,2,6,2,7,24,5,2:3,3:2
2025108,2025-04-28,周一,8,7,7,4,2,28,6,2:3,3:2
2025109,2025-04-29,周二,6,1,9,7,9,32,8,4:1,4:1
2025110,2025-04-30,周三,1,1,6,5,2,15,5,3:2,2:3
2025111,2025-05-01,周四,5,8,8,8,6,35,3,1:4,5:0
2025112,2025-05-02,周五,4,8,3,8,6,29,5,1:4,3:2
2025113,2025-05-03,周六,0,2,9,7,5,23,9,3:2,3:2
2025114,2025-05-04,周日,1,9,2,4,0,16,9,2:3,1:4
2025115,2025-05-05,周一,8,4,7,4,0,23,8,1:4,2:3
2025116,2025-05-06,周二,3,6,0,4,6,19,6,1:4,2:3
2025117,2025-05-07,周三,1,7,0,1,8,17,8,3:2,2:3
2025118,2025-05-08,周四,2,5,5,8,8,28,6,2:3,4:1
2025119,2025-05-09,周五,7,0,3,0,0,10,7,2:3,1:4
2025120,2025-05-10,周六,4,0,1,5,4,14,5,2:3,1:4
2025121,2025-05-11,周日,4,2,4,9,9,28,7,2:3,2:3
2025122,2025-05-12,周一,0,3,0,4,4,11,4,1:4,0:5
2025123,2025-05-13,周二,8,4,2,3,1,18,7,2:3,1:4
2025124,2025-05-14,周三,5,2,7,9,0,23,9,3:2,3:2
2025125,2025-05-15,周四,6,2,7,7,4,26,5,2:3,3:2
2025126,2025-05-16,周五,1,8,4,8,0,21,8,1:4,2:3
2025127,2025-05-17,周六,4,9,2,9,0,24,9,2:3,2:3
2025128,2025-05-18,周日,8,7,0,4,7,26,8,2:3,3:2
2025129,2025-05-19,周一,1,8,9,4,8,30,8,2:3,3:2
2025130,2025-05-20,周二,0,6,8,5,9,28,9,2:3,4:1
2025131,2025-05-21,周三,3,6,7,2,6,24,5,2:3,3:2
2025132,2025-05-22,周四,2,7,5,5,3,22,5,4:1,3:2
2025133,2025-05-23,周五,8,6,6,0,3,23,8,1:4,3:2
2025134,2025-05-24,周六,5,1,0,1,9,16,9,4:1,2:3
2025135,2025-05-25,周日,8,1,6,9,5,29,8,3:2,4:1
2025136,2025-05-26,周一,3,2,4,4,2,15,2,1:4,0:5
2025137,2025-05-27,周二,7,2,1,1,4,15,6,3:2,1:4
2025138,2025-05-28,周三,8,9,5,6,3,31,6,3:2,4:1
2025139,2025-05-29,周四,1,5,5,7,5,23,6,5:0,4:1
2025140,2025-05-30,周五,2,6,7,6,0,21,7,1:4,3:2
2025141,2025-05-31,周六,4,7,5,0,8,24,8,2:3,3:2
2025142,2025-06-01,周日,3,4,3,0,4,14,4,2:3,0:5
2025143,2025-06-02,周一,9,4,4,4,2,23,7,1:4,1:4
2025144,2025-06-03,周二,3,8,9,9,3,32,6,4:1,3:2
2025145,2025-06-04,周三,4,7,1,5,9,26,8,4:1,3:2
2025146,2025-06-05,周四,8,2,2,4,7,23,6,1:4,2:3
2025147,2025-06-06,周五,0,2,3,0,5,10,5,2:3,1:4
2025148,2025-06-07,周六,5,5,7,0,4,21,7,3:2,3:2
2025149,2025-06-08,周日,7,7,2,9,1,26,8,4:1,3:2
2025150,2025-06-09,周一,2,1,2,3,7,15,6,3:2,1:4
2025151,2025-06-10,周二,6,8,6,4,7,31,4,1:4,4:1
2025152,2025-06-11,周三,7,4,7,0,6,24,7,2:3,3:2
2025153,2025-06-12,周四,8,9,4,5,8,34,5,2:3,4:1
2025154,2025-06-13,周五,9,8,9,6,6,38,3,2:3,5:0
2025155,2025-06-14,周六,0,4,0,1,9,14,9,2:3,1:4
2025156,2025-06-15,周日,6,3,8,0,9,26,9,2:3,3:2
2025157,2025-06-16,周一,2,5,0,9,2,18,9,2:3,2:3
2025158,2025-06-17,周二,8,8,2,7,2,27,6,1:4,3:2
2025159,2025-06-18,周三,2,7,4,1,9,23,8,3:2,2:3
2025160,2025-06-19,周四,1,7,1,5,2,16,6,4:1,2:3
2025161,2025-06-20,周五,2,4,8,8,4,26,6,0:5,2:3
2025162,2025-06-21,周六,3,1,7,4,2,17,6,3:2,1:4
2025163,2025-06-22,周日,7,6,6,2,3,24,5,2:3,3:2
2025164,2025-06-23,周一,5,1,9,1,3,19,8,5:0,2:3
2025165,2025-06-24,周二,1,0,3,2,3,9,3,3:2,0:5
2025166,2025-06-25,周三,6,9,6,6,4,31,5,1:4,4:1
2025167,2025-06-26,周四,2,6,7,4,6,25,5,1:4,3:2
2025168,2025-06-27,周五,2,0,3,2,7,14,7,2:3,1:4
2025169,2025-06-28,周六,6,9,9,3,8,35,6,3:2,4:1
2025170,2025-06-29,周日,5,0,2,4,4,15,5,1:4,1:4
2025171,2025-06-30,周一,1,0,5,2,8,16,8,2:3,2:3
2025172,2025-07-01,周二,7,2,4,5,1,19,6,3:2,2:3
2025173,2025-07-02,周三,6,7,3,6,3,25,4,3:2,3:2
2025174,2025-07-03,周四,1,3,1,3,5,13,4,5:0,1:4
2025175,2025-07-04,周五,4,1,3,3,9,20,8,4:1,1:4
2025176,2025-07-05,周六,9,4,9,4,6,32,5,2:3,3:2
2025177,2025-07-06,周日,9,7,7,9,9,41,2,5:0,5:0
2025178,2025-07-07,周一,7,1,4,3,6,21,6,3:2,2:3
2025179,2025-07-08,周二,9,7,2,1,6,25,8,3:2,3:2
2025180,2025-07-09,周三,8,8,9,5,7,37,4,3:2,5:0
2025181,2025-07-10,周四,8,9,4,5,8,34,5,2:3,4:1
2025182,2025-07-11,周五,7,2,1,4,6,20,6,2:3,2:3
2025183,2025-07-12,周六,1,7,7,5,9,29,8,5:0,4:1
2025184,2025-07-13,周日,2,2,1,8,7,20,7,2:3,2:3
2025185,2025-07-14,周一,3,0,8,7,3,21,8,3:2,2:3
2025186,2025-07-15,周二,5,1,4,2,3,15,4,3:2,1:4
2025187,2025-07-16,周三,6,4,1,6,0,17,6,1:4,2:3
2025188,2025-07-17,周四,6,2,3,7,3,21,5,3:2,2:3
2025189,2025-07-18,周五,5,5,6,5,1,22,5,4:1,4:1
2025190,2025-07-19,周六,4,9,9,7,2,31,7,3:2,3:2
2025191,2025-07-20,周日,6,6,9,4,0,25,9,1:4,3:2
2025192,2025-07-21,周一,6,8,3,5,7,29,5,3:2,4:1
2025193,2025-07-22,周二,2,6,5,4,9,26,7,2:3,3:2
2025194,2025-07-23,周三,2,7,0,3,7,19,7,3:2,2:3
2025195,2025-07-24,周四,2,1,0,9,0,12,9,2:3,1:4
2025196,2025-07-25,周五,9,4,1,4,0,18,9,2:3,1:4
2025197,2025-07-26,周六,8,6,9,2,0,25,9,1:4,3:2
2025198,2025-07-27,周日,7,1,7,8,3,26,7,4:1,3:2
2025199,2025-07-28,周一,4,8,5,9,3,29,6,3:2,3:2
2025200,2025-07-29,周二,2,1,1,2,9,15,8,3:2,1:4
2025201,2025-07-30,周三,4,0,1,3,0,8,4,2:3,0:5
2025202,2025-07-31,周四,2,5,3,7,3,20,5,4:1,2:3
2025203,2025-08-01,周五,7,3,5,1,6,22,6,4:1,3:2
2025204,2025-08-02,周六,8,3,0,7,4,22,8,2:3,2:3
2025205,2025-08-03,周日,7,8,3,2,9,29,7,3:2,3:2
2025206,2025-08-04,周一,6,0,5,3,2,16,6,2:3,2:3
2025207,2025-08-05,周二,1,5,4,5,9,24,8,4:1,3:2
2025208,2025-08-06,周三,3,0,9,4,4,20,9,2:3,1:4
2025209,2025-08-07,周四,9,2,1,4,8,24,8,2:3,2:3
2025210,2025-08-08,周五,6,2,2,2,5,17,4,1:4,2:3
2025211,2025-08-09,周六,0,5,0,9,9,23,9,3:2,3:2
2025212,2025-08-10,周日,2,2,3,5,0,12,5,2:3,1:4
2025213,2025-08-11,周一,8,6,8,5,7,34,3,2:3,5:0
2025214,2025-08-12,周二,1,7,6,6,7,27,6,3:2,4:1
2025215,2025-08-13,周三,6,9,5,9,6,35,4,3:2,5:0
2025216,2025-08-14,周四,4,1,0,6,5,16,6,2:3,2:3
2025217,2025-08-15,周五,2,4,2,0,7,15,7,1:4,1:4
2025218,2025-08-16,周六,3,0,7,8,7,25,8,3:2,3:2
2025219,2025-08-17,周日,7,8,4,9,3,31,6,3:2,3:2
2025220,2025-08-18,周一,3,5,3,2,6,19,4,3:2,2:3
2025221,2025-08-19,周二,7,9,1,7,8,32,8,4:1,4:1
2025222,2025-08-20,周三,6,6,0,8,8,28,8,0:5,4:1
2025223,2025-08-21,周四,7,9,5,0,4,25,9,3:2,3:2
2025224,2025-08-22,周五,0,2,1,9,2,14,9,2:3,1:4
2025225,2025-08-23,周六,0,0,9,0,7,16,9,2:3,2:3
2025226,2025-08-24,周日,3,7,3,2,7,22,5,4:1,2:3
2025227,2025-08-25,周一,4,5,3,9,1,22,8,4:1,2:3
2025228,2025-08-26,周二,1,6,4,6,5,22,5,2:3,3:2
2025229,2025-08-27,周三,1,2,3,0,2,8,3,2:3,0:5
2025230,2025-08-28,周四,1,7,8,0,5,21,8,3:2,3:2
2025231,2025-08-29,周五,2,5,8,5,4,24,6,2:3,3:2
2025232,2025-08-30,周六,3,9,7,6,2,27,7,3:2,3:2
2025233,2025-08-31,周日,1,4,3,9,0,17,9,3:2,1:4
2025234,2025-09-01,周一,2,8,2,5,7,24,6,2:3,3:2
2025235,2025-09-02,周二,3,2,1,4,8,18,7,2:3,1:4
2025236,2025-09-03,周三,1,5,1,1,1,9,4,5:0,1:4
2025237,2025-09-04,周四,7,1,3,3,9,23,8,5:0,2:3
2025238,2025-09-05,周五,7,5,4,5,5,26,3,4:1,4:1
2025239,2025-09-06,周六,2,2,0,1,7,12,7,2:3,1:4
2025240,2025-09-07,周日,6,2,7,6,2,23,5,1:4,3:2
2025241,2025-09-08,周一,2,8,6,3,8,27,6,1:4,3:2
2025242,2025-09-09,周二,5,2,3,9,3,22,7,4:1,2:3
2025243,2025-09-10,周三,8,1,2,8,1,20,7,2:3,2:3
2025244,2025-09-11,周四,7,5,8,6,2,28,6,2:3,4:1
2025245,2025-09-12,周五,9,9,4,9,2,33,7,3:2,3:2
2025246,2025-09-13,周六,2,0,7,6,7,22,7,2:3,3:2
2025247,2025-09-14,周日,3,6,4,2,3,18,4,2:3,1:4
2025248,2025-09-15,周一,9,8,3,8,5,33,6,3:2,4:1
2025249,2025-09-16,周二,5,3,2,0,8,18,8,2:3,2:3
2025250,2025-09-17,周三,1,7,8,0,6,22,8,2:3,3:2
2025251,2025-09-18,周四,5,5,8,5,4,27,4,3:2,4:1
2025252,2025-09-19,周五,1,9,0,5,3,18,9,4:1,2:3
2025253,2025-09-20,周六,6,9,3,0,7,25,9,3:2,3:2
2025254,2025-09-21,周日,6,2,8,8,4,28,6,0:5,3:2
2025255,2025-09-22,周一,5,8,3,2,1,19,7,3:2,2:3
2025256,2025-09-23,周二,7,9,7,7,5,35,4,5:0,5:0
2025257,2025-09-24,周三,5,6,1,5,0,17,6,3:2,3:2
2025258,2025-09-25,周四,0,3,8,6,3,20,8,2:3,2:3
2025259,2025-09-26,周五,4,2,0,9,9,24,9,2:3,2:3
2025260,2025-09-27,周六,5,1,4,5,5,20,4,4:1,3:2
2025261,2025-09-28,周日,8,7,7,5,3,30,5,4:1,4:1
2025262,2025-09-29,周一,5,1,2,6,3,17,5,3:2,2:3
2025263,2025-09-30,周二,1,4,8,0,0,13,8,1:4,1:4
2025264,2025-10-05,周日,2,0,2,0,1,5,2,1:4,0:5
2025265,2025-10-06,周一,2,8,1,4,7,22,7,2:3,2:3
2025266,2025-10-07,周二,7,4,2,5,0,18,7,2:3,2:3
2025267,2025-10-08,周三,8,5,6,1,5,25,7,3:2,4:1
2025268,2025-10-09,周四,3,2,1,3,9,18,8,4:1,1:4
2025269,2025-10-10,周五,8,7,5,0,2,22,8,2:3,3:2
2025270,2025-10-11,周六,0,1,8,2,6,17,8,1:4,2:3
2025271,2025-10-12,周日,8,9,8,5,8,38,4,2:3,5:0
2025272,2025-10-13,周一,7,6,7,4,7,31,3,3:2,4:1
2025273,2025-10-14,周二,4,1,7,3,3,18,6,4:1,1:4
2025274,2025-10-15,周三,7,8,7,7,1,30,7,4:1,4:1
2025275,2025-10-16,周四,1,5,0,7,0,13,7,3:2,2:3
2025276,2025-10-17,周五,9,8,2,6,2,27,7,1:4,3:2
2025277,2025-10-18,周六,4,3,2,2,1,12,3,2:3,0:5
2025278,2025-10-19,周日,6,2,7,8,2,25,6,1:4,3:2
2025279,2025-10-20,周一,3,7,5,7,5,27,4,5:0,4:1
2025280,2025-10-21,周二,5,3,9,3,2,22,7,4:1,2:3
2025281,2025-10-22,周三,7,0,7,9,4,27,9,3:2,3:2
2025282,2025-10-23,周四,0,9,6,9,1,25,9,3:2,3:2
2025283,2025-10-24,周五,0,5,7,8,3,23,8,3:2,3:2
2025284,2025-10-25,周六,2,4,7,3,3,19,5,3:2,1:4
2025285,2025-10-26,周日,9,0,5,3,2,19,9,3:2,2:3
2025286,2025-10-27,周一,6,4,1,0,5,16,6,2:3,2:3
2025287,2025-10-28,周二,1,8,0,3,2,14,8,2:3,1:4
2025288,2025-10-29,周三,5,0,4,2,6,17,6,1:4,2:3
2025289,2025-10-30,周四,6,8,5,6,6,31,3,1:4,5:0
2025290,2025-10-31,周五,1,2,5,1,0,9,5,3:2,1:4
2025291,2025-11-01,周六,9,4,8,5,6,32,5,2:3,4:1
2025292,2025-11-02,周日,6,7,3,5,8,29,5,3:2,4:1
2025293,2025-11-03,周一,0,9,4,4,1,18,9,2:3,1:4
2025294,2025-11-04,周二,9,9,4,4,9,35,5,3:2,3:2
2025295,2025-11-05,周三,1,2,4,5,1,13,4,3:2,1:4
2025296,2025-11-06,周四,0,5,2,3,5,15,5,3:2,2:3
2025297,2025-11-07,周五,4,5,3,8,6,26,5,2:3,3:2
2025298,2025-11-08,周六,1,4,1,2,7,15,6,3:2,1:4
2025299,2025-11-09,周日,3,0,0,9,7,19,9,3:2,2:3
2025300,2025-11-10,周一,8,4,3,0,0,15,8,1:4,1:4
2025301,2025-11-11,周二,5,8,2,0,9,24,9,2:3,3:2
2025302,2025-11-12,周三,0,1,6,3,1,11,6,3:2,1:4
2025303,2025-11-13,周四,9,4,3,8,2,26,7,2:3,2:3
2025304,2025-11-14,周五,0,7,9,1,3,20,9,4:1,2:3
2025305,2025-11-15,周六,4,9,7,4,9,33,5,3:2,3:2
2025306,2025-11-16,周日,1,7,8,6,7,29,7,3:2,4:1
2025307,2025-11-17,周一,6,1,8,1,1,17,7,3:2,2:3
2025308,2025-11-18,周二,2,3,4,6,5,20,4,2:3,2:3
2025309,2025-11-19,周三,5,2,7,2,9,25,7,3:2,3:2
2025310,2025-11-20,周四,0,1,6,5,9,21,9,3:2,3:2
2025311,2025-11-21,周五,1,1,4,5,0,11,5,3:2,1:4
2025312,2025-11-22,周六,1,0,9,5,0,15,9,3:2,2:3
2025313,2025-11-23,周日,4,4,5,5,1,19,4,3:2,2:3
2025314,2025-11-24,周一,8,0,2,4,5,19,8,1:4,2:3
2025315,2025-11-25,周二,9,7,3,6,7,32,6,4:1,4:1
2025316,2025-11-26,周三,9,1,8,1,5,24,8,4:1,3:2
2025317,2025-11-27,周四,7,5,6,6,9,33,4,3:2,5:0
2025318,2025-11-28,周五,4,3,8,4,9,28,6,2:3,2:3
2025319,2025-11-29,周六,8,6,5,5,0,24,8,2:3,4:1
2025320,2025-11-30,周日,7,2,5,6,2,22,5,2:3,3:2
2025321,2025-12-01,周一,5,6,8,0,8,27,8,1:4,4:1
2025322,2025-12-02,周二,1,4,8,3,8,24,7,2:3,2:3
2025323,2025-12-03,周三,6,8,7,1,4,26,7,2:3,3:2
2025324,2025-12-04,周四,5,1,3,9,6,24,8,4:1,3:2
2025325,2025-12-05,周五,8,3,6,0,3,20,8,2:3,2:3
2025326,2025-12-06,周六,0,4,5,1,9,19,9,3:2,2:3
2025327,2025-12-07,周日,8,2,9,2,4,25,7,1:4,2:3
2025328,2025-12-08,周一,8,2,5,1,6,22,7,2:3,3:2
2025329,2025-12-09,周二,3,7,0,9,0,19,9,3:2,2:3
2025330,2025-12-10,周三,5,9,4,5,4,27,5,3:2,3:2
2025331,2025-12-11,周四,9,8,0,9,1,27,9,3:2,3:2
2025332,2025-12-12,周五,9,3,9,4,1,26,8,4:1,2:3
2025333,2025-12-13,周六,9,6,1,0,3,19,9,3:2,2:3
2025334,2025-12-14,周日,5,8,3,3,7,26,5,4:1,3:2
2025335,2025-12-15,周一,2,7,6,4,5,24,5,2:3,3:2
2025336,2025-12-16,周二,4,1,2,6,0,13,6,1:4,1:4
2025337,2025-12-17,周三,5,5,4,3,8,25,5,3:2,3:2
2025338,2025-12-18,周四,1,6,4,6,3,20,5,2:3,2:3
2025339,2025-12-19,周五,9,0,0,4,9,22,9,2:3,2:3
2025340,2025-12-20,周六,2,5,5,6,0,18,6,2:3,3:2
2025341,2025-12-21,周日,8,1,7,5,4,25,7,3:2,3:2
2025342,2025-12-22,周一,0,7,9,2,3,21,9,3:2,2:3
2025343,2025-12-23,周二,0,1,2,5,9,17,9,3:2,2:3
2025344,2025-12-24,周三,4,9,5,7,0,25,9,3:2,3:2
2025345,2025-12-25,周四,4,3,1,9,7,24,8,4:1,2:3
2025346,2025-12-26,周五,8,2,6,0,8,24,8,0:5,3:2
2025347,2025-12-27,周六,6,9,5,6,7,33,4,3:2,5:0
2025348,2025-12-28,周日,3,7,3,1,4,18,6,4:1,1:4
2025349,2025-12-29,周一,0,3,2,2,6,13,6,1:4,1:4
2025350,2025-12-30,周二,6,7,3,4,4,24,4,2:3,2:3
2025351,2025-12-31,周三,6,1,7,2,9,25,8,3:2,3:2
2026001,2026-01-01,周四,8,3,0,1,3,15,8,3:2,1:4
2026002,2026-01-02,周五,6,8,9,2,3,28,7,2:3,3:2
2026003,2026-01-03,周六,0,8,6,8,9,31,9,1:4,4:1
2026004,2026-01-04,周日,8,7,8,8,2,33,6,1:4,4:1
2026005,2026-01-05,周一,0,6,1,6,9,22,9,2:3,3:2
2026006,2026-01-06,周二,7,1,8,8,8,32,7,2:3,4:1
2026007,2026-01-07,周三,1,2,6,6,0,15,6,1:4,2:3
2026008,2026-01-08,周四,5,0,9,6,3,23,9,3:2,3:2
2026009,2026-01-09,周五,2,4,8,2,1,17,7,1:4,1:4
2026010,2026-01-10,周六,9,2,0,3,4,18,9,2:3,1:4
2026011,2026-01-11,周日,0,3,0,6,7,16,7,2:3,2:3
2026012,2026-01-12,周一,5,2,2,0,1,10,5,2:3,1:4
2026013,2026-01-13,周二,4,7,7,8,7,33,4,3:2,4:1
2026014,2026-01-14,周三,8,3,3,8,2,24,6,2:3,2:3
2026015,2026-01-15,周四,2,0,2,4,4,12,4,0:5,0:5
2026016,2026-01-16,周五,2,1,5,9,1,18,8,4:1,2:3
2026017,2026-01-17,周六,1,1,2,8,8,20,7,2:3,2:3
2026018,2026-01-18,周日,8,9,6,3,2,28,7,2:3,3:2
2026019,2026-01-19,周一,8,4,8,9,7,36,5,2:3,4:1
2026020,2026-01-20,周二,0,9,5,8,4,26,9,2:3,3:2
2026021,2026-01-21,周三,2,6,3,0,2,13,6,1:4,1:4
2026022,2026-01-22,周四,2,5,5,0,2,14,5,2:3,2:3
2026023,2026-01-23,周五,4,9,5,2,7,27,7,3:2,3:2
2026024,2026-01-24,周六,2,6,8,3,2,21,6,1:4,2:3
2026025,2026-01-25,周日,1,8,1,1,1,12,7,4:1,1:4
2026026,2026-01-26,周一,2,9,1,4,4,20,8,2:3,1:4
2026027,2026-01-27,周二,0,8,4,0,7,19,8,1:4,2:3
2026028,2026-01-28,周三,4,9,9,9,5,36,5,4:1,4:1
2026029,2026-01-29,周四,6,1,3,7,8,25,7,3:2,3:2
2026030,2026-01-30,周五,8,1,1,5,2,17,7,3:2,2:3
2026031,2026-01-31,周六,7,8,6,9,6,36,3,2:3,5:0
2026032,2026-02-01,周日,7,3,0,7,8,25,8,3:2,3:2
2026033,2026-02-02,周一,1,4,1,3,2,11,3,3:2,0:5
2026034,2026-02-03,周二,2,1,6,9,9,27,8,3:2,3:2
2026035,2026-02-04,周三,7,1,7,0,4,19,7,3:2,2:3
2026036,2026-02-05,周四,7,8,8,2,4,29,6,1:4,3:2
2026037,2026-02-06,周五,7,2,4,5,2,20,5,2:3,2:3
2026038,2026-02-07,周六,7,8,9,8,7,39,2,3:2,5:0
2026039,2026-02-08,周日,8,5,2,8,8,31,6,1:4,4:1
2026040,2026-02-09,周一,0,0,9,7,9,25,9,3:2,3:2
2026041,2026-02-10,周二,6,3,9,6,5,29,6,3:2,4:1
2026042,2026-02-11,周三,7,9,5,2,4,27,7,3:2,3:2
2026043,2026-02-12,周四,1,7,9,2,7,26,8,4:1,3:2
2026044,2026-02-13,周五,0,5,1,6,2,14,6,2:3,2:3
2026045,2026-02-24,周二,1,4,4,7,1,17,6,3:2,1:4
2026046,2026-02-25,周三,7,0,3,2,3,15,7,3:2,1:4
2026047,2026-02-26,周四,3,3,0,4,5,15,5,3:2,1:4
2026048,2026-02-27,周五,0,9,7,6,7,29,9,3:2,4:1
2026049,2026-02-28,周六,5,9,2,5,9,30,7,4:1,4:1
2026050,2026-03-01,周日,4,3,5,4,7,23,4,3:2,2:3
2026051,2026-03-02,周一,0,4,5,3,7,19,7,3:2,2:3
2026052,2026-03-03,周二,6,4,9,1,5,25,8,3:2,3:2
2026053,2026-03-04,周三,7,4,4,9,2,26,7,2:3,2:3
2026054,2026-03-05,周四,6,5,5,6,4,26,2,2:3,4:1
2026055,2026-03-06,周五,5,3,7,5,2,22,5,4:1,3:2
2026056,2026-03-07,周六,1,1,9,2,1,14,8,4:1,1:4
2026057,2026-03-08,周日,4,7,9,3,1,24,8,4:1,2:3
2026058,2026-03-09,周一,5,9,0,6,4,24,9,2:3,3:2
2026059,2026-03-10,周二,2,0,9,9,6,26,9,2:3,3:2
2026060,2026-03-11,周三,1,1,8,0,0,10,8,2:3,1:4
2026061,2026-03-12,周四,3,4,7,4,9,27,6,3:2,2:3
2026062,2026-03-13,周五,3,1,5,4,2,15,4,3:2,1:4
2026063,2026-03-14,周六,7,2,3,8,4,24,6,2:3,2:3
2026064,2026-03-15,周日,5,2,8,9,4,28,7,2:3,3:2
2026065,2026-03-16,周一,8,5,1,8,5,27,7,3:2,4:1
2026066,2026-03-17,周二,8,0,7,8,7,30,8,2:3,4:1
2026067,2026-03-18,周三,4,2,8,1,2,17,7,1:4,1:4
2026068,2026-03-19,周四,8,4,0,0,9,21,9,1:4,2:3
2026069,2026-03-20,周五,1,1,4,6,9,21,8,3:2,2:3
2026070,2026-03-21,周六,1,3,1,8,9,22,8,4:1,2:3
2026071,2026-03-22,周日,5,5,1,5,3,19,4,5:0,3:2
2026072,2026-03-23,周一,1,1,5,1,4,12,4,4:1,1:4
2026073,2026-03-24,周二,3,2,5,0,0,10,5,2:3,1:4
2026074,2026-03-25,周三,4,0,6,3,3,16,6,2:3,1:4
2026075,2026-03-26,周四,4,3,7,4,3,21,4,3:2,1:4
2026076,2026-03-27,周五,4,1,9,6,4,24,8,2:3,2:3
2026077,2026-03-28,周六,7,8,0,7,4,26,8,2:3,3:2
2026078,2026-03-29,周日,6,3,4,8,6,27,5,1:4,3:2
2026079,2026-03-30,周一,1,9,5,9,9,33,8,5:0,4:1
2026080,2026-03-31,周二,7,7,0,0,6,20,7,2:3,3:2
2026081,2026-04-01,周三,6,9,0,1,6,22,9,2:3,3:2
2026082,2026-04-02,周四,0,4,8,3,8,23,8,1:4,2:3
2026083,2026-04-03,周五,9,0,3,4,0,16,9,2:3,1:4
2026084,2026-04-04,周六,0,0,4,9,3,16,9,2:3,1:4
2026085,2026-04-05,周日,0,2,0,7,7,16,7,2:3,2:3
2026086,2026-04-06,周一,3,3,4,8,8,26,5,2:3,2:3
2026087,2026-04-07,周二,0,7,0,7,6,20,7,2:3,3:2
2026088,2026-04-08,周三,4,7,4,5,9,29,5,3:2,3:2
2026089,2026-04-09,周四,2,1,6,3,4,16,5,2:3,1:4
2026090,2026-04-10,周五,9,5,4,4,3,25,6,3:2,2:3
2026091,2026-04-11,周六,2,0,2,8,2,14,8,0:5,1:4
2026092,2026-04-12,周日,7,6,1,2,0,16,7,2:3,2:3
2026093,2026-04-13,周一,9,9,8,7,6,39,3,3:2,5:0
2026094,2026-04-14,周二,9,3,8,1,1,22,8,4:1,2:3
2026095,2026-04-15,周三,5,6,8,1,9,29,8,3:2,4:1
2026096,2026-04-16,周四,6,4,3,9,1,23,8,3:2,2:3
2026097,2026-04-17,周五,2,2,6,8,2,20,6,0:5,2:3
2026098,2026-04-18,周六,9,7,4,3,5,28,6,4:1,3:2
2026099,2026-04-19,周日,4,2,4,1,4,15,3,1:4,0:5
2026100,2026-04-20,周一,2,0,7,5,8,22,8,2:3,3:2
2026101,2026-04-21,周二,0,9,0,3,3,15,9,3:2,1:4
2026102,2026-04-22,周三,4,9,0,2,6,21,9,1:4,2:3
2026103,2026-04-23,周四,9,0,1,2,0,12,9,2:3,1:4
2026104,2026-04-24,周五,7,8,6,7,0,28,8,2:3,4:1
2026105,2026-04-25,周六,2,1,7,6,3,19,6,3:2,2:3
2026106,2026-04-26,周日,3,4,3,9,9,28,6,4:1,2:3
2026107,2026-04-27,周一,1,5,4,1,3,14,4,4:1,1:4
2026108,2026-04-28,周二,6,5,6,3,8,28,5,2:3,4:1
2026109,2026-04-29,周三,0,8,8,1,2,19,8,1:4,2:3
2026110,2026-04-30,周四,3,4,3,0,4,14,4,2:3,0:5
2026111,2026-05-01,周五,8,7,7,9,0,31,9,3:2,4:1
2026112,2026-05-02,周六,6,5,2,9,3,25,7,3:2,3:2
2026113,2026-05-03,周日,9,2,5,8,5,29,7,3:2,4:1
2026114,2026-05-04,周一,0,1,7,7,3,18,7,4:1,2:3
2026115,2026-05-05,周二,3,3,3,0,1,10,3,4:1,0:5
2026116,2026-05-06,周三,9,5,1,4,3,22,8,4:1,2:3
2026117,2026-05-07,周四,0,9,1,2,8,20,9,2:3,2:3
2026118,2026-05-08,周五,2,7,2,3,1,15,6,3:2,1:4
2026119,2026-05-09,周六,2,2,2,1,9,16,8,2:3,1:4
2026120,2026-05-10,周日,2,9,6,4,8,29,7,1:4,3:2
2026121,2026-05-11,周一,0,4,0,3,3,10,4,2:3,0:5
2026122,2026-05-12,周二,7,4,7,6,1,25,6,3:2,3:2
2026123,2026-05-13,周三,9,5,5,1,2,22,8,4:1,3:2
2026124,2026-05-14,周四,7,8,5,3,2,25,6,3:2,3:2
2026125,2026-05-15,周五,8,6,7,2,1,24,7,2:3,3:2
2026126,2026-05-16,周六,8,3,5,2,6,24,6,2:3,3:2
2026127,2026-05-17,周日,9,3,6,0,3,21,9,3:2,2:3
2026128,2026-05-18,周一,5,1,2,2,8,18,7,2:3,2:3
2026129,2026-05-19,周二,6,8,3,3,1,21,7,3:2,2:3
2026130,2026-05-20,周三,0,7,0,1,3,11,7,3:2,1:4
2026131,2026-05-21,周四,9,6,8,4,1,28,8,2:3,3:2
2026132,2026-05-22,周五,4,4,3,5,0,16,5,2:3,1:4
2026133,2026-05-23,周六,5,4,3,7,0,19,7,3:2,2:3
2026134,2026-05-24,周日,5,1,5,3,3,17,4,5:0,2:3
2026135,2026-05-25,周一,9,3,9,2,5,28,7,4:1,3:2
2026136,2026-05-26,周二,4,6,6,2,3,21,4,1:4,2:3
2026137,2026-05-27,周三,5,4,4,3,6,22,3,2:3,2:3
2026138,2026-05-28,周四,2,6,3,5,6,22,4,2:3,3:2
2026139,2026-05-29,周五,1,9,8,1,1,20,8,4:1,2:3
2026140,2026-05-30,周六,4,2,1,7,8,22,7,2:3,2:3
2026141,2026-05-31,周日,2,1,5,8,2,18,7,2:3,2:3
2026142,2026-06-01,周一,9,1,6,1,7,24,8,4:1,3:2
2026143,2026-06-02,周二,7,4,4,0,0,15,7,1:4,1:4
2026144,2026-06-03,周三,4,6,2,6,5,23,4,1:4,3:2
2026145,2026-06-04,周四,9,9,3,0,0,21,9,3:2,2:3
2026146,2026-06-05,周五,1,5,4,9,2,21,8,3:2,2:3
2026147,2026-06-06,周六,5,9,0,5,3,22,9,4:1,3:2
2026148,2026-06-07,周日,0,6,5,6,2,19,6,1:4,3:2
2026149,2026-06-08,周一,3,2,5,3,3,16,3,4:1,1:4
2026150,2026-06-09,周二,3,4,0,7,1,15,7,3:2,1:4
2026151,2026-06-10,周三,9,8,3,9,4,33,6,3:2,3:2
2026152,2026-06-11,周四,1,5,1,4,8,19,7,3:2,2:3
2026153,2026-06-12,周五,3,8,9,4,9,33,6,3:2,3:2
2026154,2026-06-13,周六,4,7,3,8,6,28,5,2:3,3:2
2026155,2026-06-14,周日,4,8,5,4,7,28,4,2:3,3:2
2026156,2026-06-15,周一,6,4,1,7,0,18,7,2:3,2:3
2026157,2026-06-16,周二,8,3,0,3,4,18,8,2:3,1:4
2026158,2026-06-17,周三,9,1,1,3,3,17,8,5:0,1:4
2026159,2026-06-18,周四,5,5,7,6,0,23,7,3:2,4:1
2026160,2026-06-19,周五,5,5,1,6,4,21,5,3:2,3:2
2026161,2026-06-20,周六,5,6,2,0,5,18,6,2:3,3:2
2026162,2026-06-21,周日,3,6,9,6,3,27,6,3:2,3:2
2026163,2026-06-22,周一,3,4,6,4,9,26,6,2:3,2:3
2026164,2026-06-23,周二,7,1,5,7,2,22,6,4:1,3:2
2026165,2026-06-24,周三,2,9,4,4,9,28,7,2:3,2:3
2026166,2026-06-25,周四,2,2,9,5,0,18,9,2:3,2:3
2026167,2026-06-26,周五,0,1,2,3,1,7,3,3:2,0:5
2026168,2026-06-27,周六,1,9,2,7,4,23,8,3:2,2:3
2026169,2026-06-28,周日,8,8,4,7,3,30,5,2:3,3:2
2026170,2026-06-29,周一,4,1,7,7,2,21,6,3:2,2:3
2026171,2026-06-30,周二,0,4,8,1,7,20,8,2:3,2:3
2026172,2026-07-01,周三,7,7,1,1,5,21,6,5:0,3:2
2026173,2026-07-02,周四,2,5,9,7,5,28,7,4:1,4:1
2026174,2026-07-03,周五,1,5,7,6,6,25,6,3:2,4:1
2026175,2026-07-04,周六,8,3,8,1,3,23,7,3:2,2:3
2026176,2026-07-05,周日,5,8,4,8,1,26,7,2:3,3:2
2026177,2026-07-06,周一,8,2,6,7,0,23,8,1:4,3:2
2026178,2026-07-07,周二,8,3,7,9,9,36,6,4:1,4:1
2026179,2026-07-08,周三,3,9,6,2,3,23,7,3:2,2:3
2026180,2026-07-09,周四,0,0,5,7,2,14,7,2:3,2:3
2026181,2026-07-10,周五,1,2,4,4,4,15,3,1:4,0:5
2026182,2026-07-11,周六,3,1,3,4,0,11,4,3:2,0:5
2026183,2026-07-12,周日,3,5,2,6,2,18,4,2:3,2:3
2026184,2026-07-13,周一,1,4,2,4,6,17,5,1:4,1:4
2026185,2026-07-14,周二,7,8,5,7,9,36,4,4:1,5:0
2026186,2026-07-15,周三,6,6,5,0,1,18,6,2:3,3:2
2026187,2026-07-16,周四,0,8,6,7,8,29,8,1:4,4:1
2026188,2026-07-17,周五,6,0,7,7,0,20,7,2:3,3:2
2026189,2026-07-18,周六,9,5,0,6,5,25,9,3:2,4:1
2026190,2026-07-19,周日,5,5,4,0,8,22,8,2:3,3:2
2026191,2026-07-20,周一,0,6,9,8,9,32,9,2:3,4:1
2026192,2026-07-21,周二,3,0,6,1,4,14,6,2:3,1:4
2026193,2026-07-22,周三,1,8,0,6,8,23,8,1:4,3:2
2026194,2026-07-23,周四,7,0,1,0,6,14,7,2:3,2:3
2026195,2026-07-24,周五,5,9,5,1,6,26,8,4:1,4:1
2026196,2026-07-25,周六,7,2,6,3,2,20,5,2:3,2:3
2026197,2026-07-26,周日,4,7,3,4,1,19,6,3:2,1:4
2026198,2026-07-27,周一,7,1,9,0,7,24,9,4:1,3:2
2026199,2026-07-28,周二,3,0,5,0,7,15,7,3:2,2:3
2026200,2026-07-29,周三,0,7,7,2,0,16,7,2:3,2:3
2026201,2026-07-30,周四,8,6,2,7,1,24,7,2:3,3:2
2026202,2026-07-31,周五,9,6,1,7,0,23,9,3:2,3:2
2026203,2026-08-01,周六,1,3,5,6,8,23,7,3:2,3:2
2026204,2026-08-02,周日,6,7,4,0,7,24,7,2:3,3:2
2026205,2026-08-03,周一,8,0,6,0,8,22,8,0:5,3:2
2026206,2026-08-04,周二,7,0,9,6,5,27,9,3:2,4:1
2026207,2026-08-05,周三,8,6,6,4,4,28,4,0:5,3:2
2026208,2026-08-06,周四,4,7,1,8,6,26,7,2:3,3:2
2026209,2026-08-07,周五,9,8,2,7,7,33,7,3:2,4:1
2026210,2026-08-08,周六,0,9,4,5,1,19,9,3:2,2:3
2026211,2026-08-09,周日,5,1,5,4,3,18,4,4:1,2:3
2026212,2026-08-10,周一,8,3,9,4,3,27,6,3:2,2:3
2026213,2026-08-11,周二,7,4,0,7,1,19,7,3:2,2:3
2026214,2026-08-12,周三,0,1,4,9,0,14,9,2:3,1:4
2026215,2026-08-13,周四,9,2,7,3,8,29,7,3:2,3:2
2026216,2026-08-14,周五,9,5,3,0,0,17,9,3:2,2:3
2026217,2026-08-15,周六,0,1,9,6,6,22,9,2:3,3:2
2026218,2026-08-16,周日,0,7,9,5,0,21,9,3:2,3:2
2026219,2026-08-17,周一,6,6,2,1,9,24,8,2:3,3:2
2026220,2026-08-18,周二,4,8,2,9,9,32,7,2:3,3:2
2026221,2026-08-19,周三,9,6,9,8,8,40,3,2:3,5:0
2026222,2026-08-20,周四,8,7,7,7,1,30,7,4:1,4:1
2026223,2026-08-21,周五,2,2,3,7,3,17,5,3:2,1:4
2026224,2026-08-22,周六,9,1,2,4,0,16,9,2:3,1:4
2026225,2026-08-23,周日,1,1,6,3,5,16,5,4:1,2:3
2026226,2026-08-24,周一,2,0,1,6,9,18,9,2:3,2:3
2026227,2026-08-25,周二,4,3,1,9,5,22,8,4:1,2:3
2026228,2026-08-26,周三,5,6,0,2,5,18,6,2:3,3:2
2026229,2026-08-27,周四,2,8,0,5,4,19,8,1:4,2:3
2026230,2026-08-28,周五,9,4,6,8,3,30,6,2:3,3:2
2026231,2026-08-29,周六,1,8,7,9,9,34,8,4:1,4:1
2026232,2026-08-30,周日,8,0,2,3,3,16,8,2:3,1:4
2026233,2026-08-31,周一,1,6,3,4,0,14,6,2:3,1:4
2026234,2026-09-01,周二,3,0,1,2,9,15,9,3:2,1:4
2026235,2026-09-02,周三,7,7,9,6,7,36,3,4:1,5:0
2026236,2026-09-03,周四,1,7,3,2,6,19,6,3:2,2:3
2026237,2026-09-04,周五,9,5,0,8,1,23,9,3:2,3:2
2026238,2026-09-05,周六,3,6,1,7,3,20,6,4:1,2:3
2026239,2026-09-06,周日,4,7,0,6,1,18,7,2:3,2:3
2026240,2026-09-07,周一,5,7,9,5,3,29,6,5:0,4:1
2026241,2026-09-08,周二,0,5,0,7,6,18,7,2:3,3:2
2026242,2026-09-09,周三,2,4,4,8,2,20,6,0:5,1:4
2026243,2026-09-10,周四,9,1,5,5,3,23,8,5:0,3:2
2026244,2026-09-11,周五,6,2,0,4,3,15,6,1:4,1:4
2026245,2026-09-12,周六,1,2,5,0,2,10,5,2:3,1:4
2026246,2026-09-13,周日,2,8,6,6,5,27,6,1:4,4:1
2026247,2026-09-14,周一,0,5,1,9,8,23,9,3:2,3:2
2026248,2026-09-15,周二,1,2,6,2,2,13,5,1:4,1:4
2026249,2026-09-16,周三,8,7,2,4,1,22,7,2:3,2:3
2026250,2026-09-17,周四,9,8,5,8,1,31,8,3:2,4:1
2026251,2026-09-18,周五,2,3,7,7,1,20,6,4:1,2:3
2026252,2026-09-19,周六,1,9,0,9,0,19,9,3:2,2:3
2026253,2026-09-20,周日,8,9,3,5,1,26,8,4:1,3:2
2026254,2026-09-21,周一,0,6,9,4,0,19,9,1:4,2:3
2026255,2026-09-22,周二,7,6,4,2,5,24,5,2:3,3:2
2026256,2026-09-23,周三,6,9,0,4,3,22,9,2:3,2:3
2026257,2026-09-24,周四,4,9,3,3,0,19,9,3:2,1:4
2026258,2026-09-25,周五,1,3,7,4,1,16,6,4:1,1:4
2026259,2026-09-26,周六,3,7,9,0,2,21,9,3:2,2:3
2026260,2026-09-27,周日,4,4,9,1,0,18,9,2:3,1:4
2026261,2026-09-28,周一,5,3,8,5,9,30,6,4:1,4:1
2026262,2026-09-29,周二,2,7,3,0,2,14,7,2:3,1:4
2026263,2026-09-30,周三,1,7,1,4,2,15,6,3:2,1:4
2026264,2026-10-05,周一,5,9,2,0,1,17,9,3:2,2:3
2026265,2026-10-06,周二,9,5,4,6,7,31,5,3:2,4:1
2026266,2026-10-07,周三,1,2,1,7,2,13,6,3:2,1:4
2026267,2026-10-08,周四,2,1,6,2,1,12,5,2:3,1:4
2026268,2026-10-09,周五,3,0,0,7,6,16,7,2:3,2:3
2026269,2026-10-10,周六,0,6,7,4,0,17,7,1:4,2:3
