期号,开奖日期,星期,第1位,第2位,第3位,第4位,第5位,第6位,第7位,和值,跨度,奇偶比,大小比
2020003,2020-01-07,周二,4,2,2,2,9,7,5,31,7,3:4,2:5
2020004,2020-01-10,周五,9,5,9,1,3,7,8,42,8,6:1,5:2
2020005,2020-01-12,周日,9,4,5,0,5,0,8,31,9,3:4,4:3
2020006,2020-01-14,周二,0,9,0,8,9,9,8,43,9,3:4,5:2
2020007,2020-01-17,周五,9,4,3,1,8,4,0,29,9,3:4,2:5
2020008,2020-01-19,周日,7,0,8,2,6,0,4,27,8,1:6,3:4
2020009,2020-01-21,周二,6,7,4,2,4,1,4,28,6,2:5,2:5
2020010,2020-03-13,周五,3,3,3,1,4,1,7,22,6,6:1,1:6
2020011,2020-03-15,周日,7,8,8,7,5,8,6,49,3,3:4,6:1
2020012,2020-03-17,周二,7,3,6,8,2,1,4,31,7,3:4,3:4
2020013,2020-03-20,周五,4,5,8,5,1,0,1,24,8,4:3,3:4
2020014,2020-03-22,周日,6,6,0,2,4,4,0,22,6,0:7,2:5
2020015,2020-03-24,周二,5,8,6,2,2,2,0,25,8,1:6,3:4
2020016,2020-03-27,周五,2,6,6,1,3,1,8,27,7,3:4,3:4
2020017,2020-03-29,周日,7,4,5,5,5,3,7,36,4,6:1,5:2
2020018,2020-03-31,周二,6,1,8,3,3,3,9,33,8,5:2,3:4
2020019,2020-04-03,周五,4,8,1,4,2,0,7,26,8,2:5,2:5
2020020,2020-04-05,周日,3,3,2,9,1,7,2,27,8,5:2,2:5
2020021,2020-04-07,周二,7,0,3,1,8,4,1,24,8,4:3,2:5
2020022,2020-04-10,周五,3,1,5,0,6,7,0,22,7,4:3,3:4
2020023,2020-04-12,周日,7,5,3,3,6,0,5,29,7,5:2,3:4
2020024,2020-04-14,周二,8,1,5,1,5,0,7,27,8,5:2,4:3
2020025,2020-04-17,周五,5,3,2,1,1,5,7,24,6,6:1,3:4
2020026,2020-04-19,周日,9,3,3,9,2,9,4,39,7,5:2,3:4
2020027,2020-04-21,周二,8,9,4,4,6,2,7,40,7,2:5,4:3
2020028,2020-04-24,周五,1,3,1,7,8,4,8,32,7,4:3,3:4
2020029,2020-04-26,周日,2,7,6,0,2,1,4,22,7,2:5,2:5
2020030,2020-04-28,周二,2,2,8,3,2,1,1,19,7,3:4,1:6
2020031,2020-05-01,周五,7,5,2,5,3,2,5,29,5,5:2,3:4
2020032,2020-05-03,周日,2,6,3,3,9,2,3,28,7,4:3,2:5
2020033,2020-05-05,周二,7,4,8,3,9,0,5,36,9,4:3,3:4
2020034,2020-05-08,周五,2,4,8,9,3,9,0,35,9,3:4,3:4
2020035,2020-05-10,周日,3,1,8,4,1,2,3,22,7,4:3,1:6
2020036,2020-05-12,周二,5,2,7,7,6,9,6,42,7,4:3,5:2
2020037,2020-05-15,周五,9,5,3,5,2,7,0,31,9,5:2,4:3
2020038,2020-05-17,周日,3,8,0,6,3,4,5,29,8,3:4,2:5
2020039,2020-05-19,周二,3,7,2,7,6,3,7,35,5,5:2,4:3
2020040,2020-05-22,周五,8,9,3,8,2,5,4,39,7,3:4,4:3
2020041,2020-05-24,周日,4,9,3,5,1,9,7,38,8,6:1,4:3
2020042,2020-05-26,周二,3,2,2,0,8,1,3,19,8,3:4,1:6
2020043,2020-05-29,周五,7,7,5,7,0,8,6,40,8,4:3,5:2
2020044,2020-05-31,周日,7,9,7,2,1,4,7,37,8,5:2,4:3
2020045,2020-06-02,周二,5,4,8,0,4,3,2,26,8,2:5,2:5
2020046,2020-06-05,周五,5,9,5,0,2,4,0,25,9,3:4,3:4
2020047,2020-06-07,周日,7,8,8,5,4,1,9,42,8,4:3,5:2
2020048,2020-06-09,周二,1,5,7,3,2,6,6,30,6,4:3,3:4
2020049,2020-06-12,周五,3,1,0,3,8,5,0,20,8,4:3,2:5
2020050,2020-06-14,周日,4,6,7,4,8,4,4,37,4,1:6,3:4
2020051,2020-06-16,周二,1,0,3,9,2,3,3,21,9,5:2,1:6
2020052,2020-06-19,周五,5,3,4,8,9,3,6,38,6,4:3,3:4
2020053,2020-06-21,周日,8,2,0,5,9,3,3,30,9,4:3,3:4
2020054,2020-06-23,周二,5,2,8,2,7,8,6,38,6,2:5,4:3
2020055,2020-06-26,周五,9,5,7,2,0,4,6,33,9,3:4,3:4
2020056,2020-06-28,周日,8,2,6,5,5,5,3,34,6,4:3,5:2
2020057,2020-06-30,周二,8,3,2,3,3,7,1,27,7,5:2,2:5
2020058,2020-07-03,周五,5,3,3,8,0,1,8,28,8,4:3,3:4
2020059,2020-07-05,周日,5,2,8,6,8,8,9,46,7,2:5,6:1
2020060,2020-07-07,周二,4,2,1,0,4,9,7,27,9,3:4,2:5
2020061,2020-07-10,周五,9,4,1,5,7,1,1,28,8,6:1,3:4
2020062,2020-07-12,周日,9,3,6,4,1,4,9,36,8,4:3,3:4
2020063,2020-07-14,周二,5,8,7,2,3,3,0,28,8,4:3,3:4
2020064,2020-07-17,周五,4,2,5,4,4,6,8,33,6,1:6,3:4
2020065,2020-07-19,周日,9,2,8,5,6,6,4,40,7,2:5,5:2
2020066,2020-07-21,周二,8,4,3,8,3,2,8,36,6,2:5,3:4
2020067,2020-07-24,周五,5,6,9,2,8,1,5,36,8,4:3,4:3
2020068,2020-07-26,周日,9,6,8,0,8,5,4,40,9,2:5,5:2
2020069,2020-07-28,周二,3,1,1,4,5,1,5,20,4,6:1,1:6
2020070,2020-07-31,周五,4,7,8,6,2,8,7,42,6,2:5,5:2
2020071,2020-08-02,周日,5,7,7,1,1,3,4,28,6,6:1,3:4
2020072,2020-08-04,周二,0,1,9,3,7,1,4,25,9,5:2,2:5
2020073,2020-08-07,周五,5,9,1,0,4,5,6,30,9,4:3,3:4
2020074,2020-08-09,周日,9,7,9,3,8,2,7,45,7,5:2,5:2
2020075,2020-08-11,周二,9,7,0,5,5,3,5,34,9,6:1,4:3
2020076,2020-08-14,周五,4,8,9,0,8,7,9,45,9,3:4,5:2
2020077,2020-08-16,周日,0,0,6,1,8,7,9,31,9,3:4,4:3
2020078,2020-08-18,周二,5,3,1,1,6,6,2,24,5,4:3,3:4
2020079,2020-08-21,周五,0,3,0,9,6,4,1,23,9,3:4,2:5
2020080,2020-08-23,周日,5,8,3,6,8,8,6,44,5,2:5,5:2
2020081,2020-08-25,周二,1,7,9,0,5,9,5,36,9,6:1,4:3
2020082,2020-08-28,周五,0,0,4,4,1,5,1,15,5,3:4,1:6
2020083,2020-08-30,周日,8,4,4,3,1,1,2,23,7,3:4,1:6
2020084,2020-09-01,周二,4,8,4,1,5,5,2,29,7,3:4,3:4
2020085,2020-09-04,周五,1,4,5,9,5,9,9,42,8,6:1,5:2
2020086,2020-09-06,周日,7,2,4,2,3,8,9,35,7,3:4,3:4
2020087,2020-09-08,周二,1,3,9,2,1,0,8,24,9,4:3,2:5
2020088,2020-09-11,周五,5,5,8,9,8,5,7,47,4,5:2,7:0
2020089,2020-09-13,周日,9,3,3,6,8,6,3,38,6,4:3,4:3
2020090,2020-09-15,周二,2,5,1,7,8,6,1,30,7,4:3,4:3
2020091,2020-09-18,周五,2,3,3,3,9,3,6,29,7,5:2,1:6
2020092,2020-09-20,周日,8,8,3,2,6,7,9,43,7,3:4,5:2
2020093,2020-09-22,周二,6,9,3,0,0,5,0,23,9,3:4,3:4
2020094,2020-09-25,周五,6,9,0,8,5,5,4,37,9,3:4,5:2
2020095,2020-09-27,周日,2,5,2,2,8,8,2,29,6,1:6,3:4
2020096,2020-09-29,周二,4,3,5,6,2,9,7,36,7,4:3,4:3
2020097,2020-10-06,周二,9,7,9,3,0,9,4,41,9,5:2,4:3
2020098,2020-10-09,周五,1,2,9,2,1,6,0,21,9,3:4,2:5
2020099,2020-10-11,周日,2,3,8,1,1,5,0,20,8,4:3,2:5
2020100,2020-10-13,周二,5,6,0,0,2,1,7,21,7,3:4,3:4
2020101,2020-10-16,周五,3,6,9,5,4,3,12,42,9,4:3,4:3
2020102,2020-10-18,周日,9,5,3,3,3,3,9,35,6,7:0,3:4
2020103,2020-10-20,周二,0,8,1,6,5,3,6,29,8,3:4,3:4
2020104,2020-10-23,周五,5,0,9,9,3,1,0,27,9,5:2,3:4
2020105,2020-10-25,周日,4,1,7,1,8,2,4,27,7,3:4,2:5
2020106,2020-10-27,周二,3,1,8,9,0,8,1,30,9,4:3,3:4
2020107,2020-10-30,周五,2,3,8,9,3,7,0,32,9,4:3,3:4
2020108,2020-11-01,周日,3,3,2,0,5,1,6,20,6,4:3,1:6
2020109,2020-11-03,周二,9,1,9,4,1,8,3,35,8,5:2,3:4
2020110,2020-11-06,周五,6,4,5,7,5,8,2,37,6,3:4,5:2
2020111,2020-11-08,周日,3,3,9,0,5,8,14,42,14,4:3,4:3
2020112,2020-11-10,周二,0,4,4,4,9,4,6,31,9,1:6,1:6
2020113,2020-11-13,周五,4,9,8,0,0,3,4,28,9,2:5,2:5
2020114,2020-11-15,周日,8,8,7,3,4,5,0,35,8,3:4,4:3
2020115,2020-11-17,周二,1,3,4,8,8,5,4,33,7,3:4,3:4
2020116,2020-11-20,周五,9,7,3,0,3,1,10,33,10,5:2,3:4
2020117,2020-11-22,周日,7,9,0,5,0,6,5,32,9,4:3,4:3
2020118,2020-11-24,周二,7,5,1,1,6,8,14,42,13,4:3,5:2
2020119,2020-11-27,周五,2,2,2,7,2,3,7,25,5,3:4,2:5
2020120,2020-11-29,周日,5,0,4,0,4,8,14,35,14,1:6,3:4
2020121,2020-12-01,周二,1,2,7,9,8,4,9,40,8,4:3,4:3
2020122,2020-12-04,周五,6,0,1,9,8,7,9,40,9,4:3,5:2
2020123,2020-12-06,周日,7,7,1,6,4,1,4,30,6,4:3,3:4
2020124,2020-12-08,周二,4,1,0,9,5,2,11,32,11,4:3,3:4
2020125,2020-12-11,周五,1,9,1,1,7,4,6,29,8,5:2,2:5
2020126,2020-12-13,周日,9,7,1,3,8,3,13,44,12,6:1,4:3
2020127,2020-12-15,周二,3,5,8,5,8,2,13,44,11,4:3,5:2
2020128,2020-12-18,周五,4,2,9,7,1,8,1,32,8,4:3,3:4
2020129,2020-12-20,周日,7,8,3,9,1,8,5,41,8,5:2,4:3
2020130,2020-12-22,周二,5,3,9,8,0,6,4,35,9,3:4,4:3
2020131,2020-12-25,周五,8,5,0,0,3,8,9,33,9,3:4,4:3
2020132,2020-12-27,周日,5,5,2,9,7,9,6,43,7,5:2,5:2
2020133,2020-12-29,周二,1,9,5,9,0,2,12,38,12,4:3,4:3
2021001,2021-01-01,周五,5,2,1,0,3,5,13,29,13,5:2,3:4
2021002,2021-01-03,周日,7,0,7,0,7,8,8,37,8,3:4,5:2
2021003,2021-01-05,周二,9,7,2,3,8,1,14,44,13,4:3,4:3
2021004,2021-01-08,周五,0,0,7,8,4,9,1,29,9,3:4,3:4
2021005,2021-01-10,周日,0,9,5,3,7,0,0,24,9,4:3,3:4
2021006,2021-01-12,周二,2,3,9,2,5,4,13,38,11,4:3,3:4
2021007,2021-01-15,周五,1,8,2,9,0,1,12,33,12,3:4,3:4
2021008,2021-01-17,周日,5,0,7,4,3,7,14,40,14,4:3,4:3
2021009,2021-01-19,周二,9,7,9,0,8,8,5,46,9,4:3,5:2
2021010,2021-01-22,周五,4,8,1,5,5,7,6,36,7,4:3,4:3
2021011,2021-01-24,周日,5,6,5,6,3,0,4,29,6,3:4,4:3
2021012,2021-01-26,周二,0,3,7,0,1,1,9,21,9,5:2,2:5
2021013,2021-01-29,周五,6,7,2,0,4,4,9,32,9,2:5,3:4
2021014,2021-01-31,周日,7,7,1,7,6,2,11,41,10,5:2,5:2
2021015,2021-02-02,周二,7,7,6,5,4,8,11,48,7,4:3,6:1
2021016,2021-02-05,周五,7,5,2,9,1,8,4,36,8,4:3,4:3
2021017,2021-02-07,周日,5,2,2,0,7,9,11,36,11,4:3,4:3
2021018,2021-02-19,周五,7,9,2,7,8,0,1,34,9,4:3,4:3
2021019,2021-02-21,周日,4,5,9,0,8,2,6,34,9,2:5,3:4
2021020,2021-02-23,周二,9,9,4,0,0,3,14,39,14,3:4,3:4
2021021,2021-02-26,周五,2,8,5,4,8,5,8,40,6,2:5,5:2
2021022,2021-02-28,周日,0,2,5,9,2,6,0,24,9,2:5,3:4
2021023,2021-03-02,周二,9,3,9,7,9,2,14,53,12,5:2,5:2
2021024,2021-03-05,周五,5,6,5,1,7,2,3,29,6,5:2,4:3
2021025,2021-03-07,周日,4,4,1,8,0,0,10,27,10,1:6,2:5
2021026,2021-03-09,周二,3,9,9,2,1,7,4,35,8,5:2,3:4
2021027,2021-03-12,周五,9,3,7,6,3,2,0,30,9,4:3,3:4
2021028,2021-03-14,周日,9,3,5,4,4,4,6,35,6,3:4,2:5
2021029,2021-03-16,周二,5,5,4,4,0,8,6,32,8,2:5,3:4
2021030,2021-03-19,周五,0,2,9,2,6,3,10,32,10,2:5,3:4
2021031,2021-03-21,周日,8,6,8,6,1,7,1,37,7,3:4,5:2
2021032,2021-03-23,周二,4,5,2,5,2,0,0,18,5,2:5,2:5
2021033,2021-03-26,周五,0,7,6,2,3,7,9,34,9,4:3,4:3
2021034,2021-03-28,周日,3,5,2,3,1,1,3,18,4,6:1,1:6
2021035,2021-03-30,周二,1,3,6,5,7,8,4,34,7,4:3,4:3
2021036,2021-04-02,周五,2,3,3,9,5,1,2,25,8,5:2,2:5
2021037,2021-04-04,周日,7,8,1,0,0,2,13,31,13,3:4,3:4
2021038,2021-04-06,周二,1,5,8,1,4,1,11,31,10,5:2,3:4
2021039,2021-04-09,周五,0,7,0,2,8,4,14,35,14,1:6,3:4
2021040,2021-04-11,周日,4,9,3,9,5,0,12,42,12,4:3,4:3
2021041,2021-04-13,周二,7,2,8,8,9,0,14,48,14,2:5,5:2
2021042,2021-04-16,周五,1,9,6,3,9,7,2,37,8,5:2,4:3
2021043,2021-04-18,周日,4,6,0,2,1,3,5,21,6,3:4,1:6
2021044,2021-04-20,周二,0,4,4,9,6,3,5,31,9,3:4,2:5
2021045,2021-04-23,周五,2,6,0,0,2,8,14,32,14,0:7,3:4
2021046,2021-04-25,周日,9,3,5,9,5,3,14,48,11,6:1,5:2
2021047,2021-04-27,周二,4,0,1,9,8,3,13,38,13,4:3,3:4
2021048,2021-04-30,周五,2,3,9,6,2,1,5,28,8,4:3,2:5
2021049,2021-05-02,周日,3,4,4,4,0,5,14,34,14,2:5,2:5
2021050,2021-05-04,周二,3,1,9,0,3,0,2,18,9,4:3,1:6
2021051,2021-05-07,周五,4,6,0,0,3,9,14,36,14,2:5,3:4
2021052,2021-05-09,周日,7,3,3,5,5,8,14,45,11,5:2,5:2
2021053,2021-05-11,周二,1,4,3,6,4,6,11,35,10,3:4,3:4
2021054,2021-05-14,周五,4,9,6,6,4,9,4,42,5,2:5,4:3
2021055,2021-05-16,周日,5,1,8,4,7,3,14,42,13,4:3,4:3
2021056,2021-05-18,周二,3,8,1,0,0,3,11,26,11,4:3,2:5
2021057,2021-05-21,周五,8,6,1,1,5,2,7,30,7,4:3,4:3
2021058,2021-05-23,周日,4,1,5,7,1,4,12,34,11,4:3,3:4
2021059,2021-05-25,周二,8,9,6,6,6,2,14,51,12,1:6,6:1
2021060,2021-05-28,周五,6,0,4,5,8,4,7,34,8,2:5,4:3
2021061,2021-05-30,周日,4,5,4,6,0,2,8,29,8,1:6,3:4
2021062,2021-06-01,周二,8,6,1,1,8,7,2,33,7,3:4,4:3
2021063,2021-06-04,周五,9,5,4,8,2,9,3,40,7,4:3,4:3
2021064,2021-06-06,周日,2,0,2,5,5,5,3,22,5,4:3,3:4
2021065,2021-06-08,周二,8,7,4,0,8,6,10,43,10,1:6,5:2
2021066,2021-06-11,周五,5,9,1,0,4,4,2,25,9,3:4,2:5
2021067,2021-06-13,周日,7,0,8,8,8,1,3,35,8,3:4,4:3
2021068,2021-06-15,周二,8,8,4,8,5,1,14,48,13,2:5,5:2
2021069,2021-06-18,周五,2,5,4,9,5,3,2,30,7,4:3,3:4
2021070,2021-06-20,周日,2,0,3,3,6,9,11,34,11,4:3,3:4
2021071,2021-06-22,周二,7,6,3,7,5,3,11,42,8,6:1,5:2
2021072,2021-06-25,周五,2,5,4,8,7,5,11,42,9,4:3,5:2
2021073,2021-06-27,周日,3,5,9,3,3,4,5,32,6,6:1,2:5
2021074,2021-06-29,周二,2,0,7,2,1,5,12,29,12,3:4,3:4
2021075,2021-07-02,周五,1,9,5,4,2,7,10,38,9,4:3,4:3
2021076,2021-07-04,周日,8,1,6,8,0,0,3,26,8,2:5,3:4
2021077,2021-07-06,周二,1,2,8,6,2,6,11,36,10,2:5,4:3
2021078,2021-07-09,周五,0,7,3,3,1,8,7,29,8,5:2,3:4
2021079,2021-07-11,周日,1,1,2,5,0,8,11,28,11,4:3,3:4
2021080,2021-07-13,周二,7,2,2,8,2,4,7,32,6,2:5,3:4
2021081,2021-07-16,周五,5,2,7,3,0,3,4,24,7,4:3,2:5
2021082,2021-07-18,周日,4,7,5,1,3,5,5,30,6,6:1,3:4
2021083,2021-07-20,周二,9,8,8,4,7,9,13,58,9,4:3,6:1
2021084,2021-07-23,周五,4,3,1,6,6,7,0,27,7,3:4,3:4
2021085,2021-07-25,周日,0,3,5,9,3,2,7,29,9,5:2,3:4
2021086,2021-07-27,周二,1,1,9,4,2,0,0,17,9,3:4,1:6
2021087,2021-07-30,周五,3,6,2,9,8,8,3,39,7,3:4,4:3
2021088,2021-08-01,周日,9,7,5,6,2,5,5,39,7,5:2,5:2
2021089,2021-08-03,周二,3,8,5,9,8,3,10,46,7,4:3,5:2
2021090,2021-08-06,周五,2,6,8,7,0,4,6,33,8,1:6,3:4
2021091,2021-08-08,周日,8,6,9,4,7,3,5,42,6,4:3,4:3
2021092,2021-08-10,周二,9,9,7,9,1,2,14,51,13,5:2,5:2
2021093,2021-08-13,周五,7,5,6,7,3,9,8,45,6,5:2,6:1
2021094,2021-08-15,周日,4,8,1,5,7,1,1,27,7,5:2,3:4
2021095,2021-08-17,周二,4,6,5,7,6,7,6,41,3,3:4,5:2
2021096,2021-08-20,周五,6,0,5,5,9,3,13,41,13,5:2,5:2
2021097,2021-08-22,周日,0,5,5,4,4,5,0,23,5,3:4,3:4
2021098,2021-08-24,周二,1,0,7,7,9,6,5,35,9,5:2,4:3
2021099,2021-08-27,周五,4,0,0,3,7,8,7,29,8,3:4,3:4
2021100,2021-08-29,周日,0,2,3,5,5,9,14,38,14,4:3,4:3
2021101,2021-08-31,周二,8,1,5,6,0,8,10,38,10,2:5,5:2
2021102,2021-09-03,周五,1,1,6,4,7,6,4,29,6,3:4,3:4
2021103,2021-09-05,周日,5,5,6,9,9,8,3,45,6,5:2,6:1
2021104,2021-09-07,周二,0,1,8,2,5,7,9,32,9,4:3,4:3
2021105,2021-09-10,周五,3,8,2,8,1,3,2,27,7,3:4,2:5
2021106,2021-09-12,周日,4,7,9,0,2,8,5,35,9,3:4,3:4
2021107,2021-09-14,周二,3,9,3,1,9,2,0,27,9,5:2,2:5
2021108,2021-09-17,周五,4,7,0,0,8,7,8,34,8,2:5,4:3
2021109,2021-09-19,周日,4,3,0,7,9,4,13,40,13,4:3,3:4
2021110,2021-09-21,周二,7,1,9,6,4,9,7,43,8,5:2,5:2
2021111,2021-09-24,周五,1,9,9,9,0,5,5,38,9,6:1,4:3
2021112,2021-09-26,周日,1,0,2,4,6,6,6,25,6,1:6,2:5
2021113,2021-09-28,周二,0,5,4,0,1,8,5,23,8,3:4,2:5
2021114,2021-10-05,周二,8,4,0,1,8,7,14,42,14,2:5,4:3
2021115,2021-10-08,周五,5,3,7,8,0,6,11,40,11,4:3,5:2
2021116,2021-10-10,周日,7,7,0,3,4,0,7,28,7,4:3,3:4
2021117,2021-10-12,周二,6,9,6,1,7,9,9,47,8,5:2,6:1
2021118,2021-10-15,周五,8,2,1,3,7,6,0,27,8,3:4,3:4
2021119,2021-10-17,周日,5,6,2,6,8,9,14,50,12,2:5,6:1
2021120,2021-10-19,周二,3,4,3,7,8,1,10,36,9,4:3,3:4
2021121,2021-10-22,周五,5,9,5,7,0,2,8,36,9,4:3,5:2
2021122,2021-10-24,周日,6,8,8,1,6,8,3,40,7,2:5,5:2
2021123,2021-10-26,周二,2,4,2,0,0,7,0,15,7,1:6,1:6
2021124,2021-10-29,周五,7,2,4,1,1,3,12,30,11,4:3,2:5
2021125,2021-10-31,周日,0,6,5,3,7,7,11,39,11,5:2,5:2
2021126,2021-11-02,周二,7,8,6,1,9,8,2,41,8,3:4,5:2
2021127,2021-11-05,周五,2,3,2,9,3,4,0,23,9,3:4,1:6
2021128,2021-11-07,周日,7,6,4,1,0,5,9,32,9,4:3,4:3
2021129,2021-11-09,周二,1,8,3,1,1,7,7,28,7,6:1,3:4
2021130,2021-11-12,周五,1,1,5,3,4,5,6,25,5,5:2,2:5
2021131,2021-11-14,周日,1,2,4,9,9,2,6,33,8,3:4,2:5
2021132,2021-11-16,周二,1,0,6,1,2,0,6,16,6,2:5,1:6
2021133,2021-11-19,周五,0,2,7,2,5,1,11,28,11,4:3,3:4
2021134,2021-11-21,周日,2,8,1,3,9,2,8,33,8,3:4,3:4
2021135,2021-11-23,周二,4,3,6,2,3,3,9,30,7,4:3,2:5
2021136,2021-11-26,周五,5,3,2,7,0,5,2,24,7,4:3,3:4
2021137,2021-11-28,周日,5,6,4,6,2,3,11,37,9,3:4,4:3
2021138,2021-11-30,周二,2,3,6,6,6,9,9,41,7,3:4,5:2
2021139,2021-12-03,周五,2,8,3,0,6,0,14,33,14,1:6,3:4
2021140,2021-12-05,周日,9,8,2,7,1,0,7,34,9,4:3,4:3
2021141,2021-12-07,周二,4,0,4,7,0,0,13,28,13,2:5,2:5
2021142,2021-12-10,周五,3,2,0,4,1,1,13,24,13,4:3,1:6
2021143,2021-12-12,周日,8,0,6,4,5,6,10,39,10,1:6,5:2
2021144,2021-12-14,周二,4,7,4,8,3,9,2,37,7,3:4,3:4
2021145,2021-12-17,周五,6,0,7,3,0,2,4,22,7,2:5,2:5
2021146,2021-12-19,周日,0,1,3,8,0,1,11,24,11,4:3,2:5
2021147,2021-12-21,周二,1,6,0,2,7,9,3,28,9,4:3,3:4
2021148,2021-12-24,周五,6,4,0,0,2,4,4,20,6,0:7,1:6
2021149,2021-12-26,周日,7,8,0,8,0,7,9,39,9,3:4,5:2
2021150,2021-12-28,周二,8,8,4,6,3,8,5,42,5,2:5,4:3
2021151,2021-12-31,周五,6,1,3,6,6,1,13,36,12,4:3,4:3
2022001,2022-01-02,周日,3,4,5,6,7,1,14,40,13,4:3,4:3
2022002,2022-01-04,周二,6,6,3,6,8,8,13,50,10,2:5,6:1
2022003,2022-01-07,周五,4,3,5,3,9,7,0,31,9,5:2,3:4
2022004,2022-01-09,周日,9,0,6,2,4,4,11,36,11,2:5,3:4
2022005,2022-01-11,周二,3,9,9,8,5,4,12,50,9,4:3,5:2
2022006,2022-01-14,周五,8,7,5,8,8,0,9,45,9,3:4,6:1
2022007,2022-01-16,周日,6,2,1,9,8,1,7,34,8,4:3,4:3
2022008,2022-01-18,周二,6,2,7,6,5,8,5,39,6,3:4,5:2
2022009,2022-01-21,周五,9,3,5,6,8,4,8,43,6,3:4,5:2
2022010,2022-01-23,周日,1,1,5,8,3,9,0,27,9,5:2,3:4
2022011,2022-01-25,周二,8,0,2,9,2,9,10,40,10,2:5,4:3
2022012,2022-01-28,周五,2,3,1,2,3,8,9,28,8,4:3,2:5
2022013,2022-02-08,周二,5,7,6,6,5,4,8,41,4,3:4,6:1
2022014,2022-02-11,周五,3,1,3,8,2,5,6,28,7,4:3,2:5
2022015,2022-02-13,周日,1,2,8,9,9,1,8,38,8,4:3,4:3
2022016,2022-02-15,周二,6,4,6,5,6,6,9,42,5,2:5,6:1
2022017,2022-02-18,周五,7,0,5,4,9,8,13,46,13,4:3,5:2
2022018,2022-02-20,周日,7,4,9,4,7,3,0,34,9,4:3,3:4
2022019,2022-02-22,周二,8,8,0,6,3,0,6,31,8,1:6,3:4
2022020,2022-02-25,周五,2,6,5,9,5,0,1,28,9,4:3,4:3
2022021,2022-02-27,周日,6,1,3,0,2,9,0,21,9,3:4,2:5
2022022,2022-03-01,周二,4,1,0,4,8,1,12,30,12,2:5,2:5
2022023,2022-03-04,周五,5,1,2,3,7,2,11,31,10,5:2,3:4
2022024,2022-03-06,周日,8,2,6,5,3,5,12,41,10,3:4,5:2
2022025,2022-03-08,周二,6,6,0,4,6,6,3,31,6,1:6,4:3
2022026,2022-03-11,周五,1,6,4,8,1,7,1,28,7,4:3,3:4
2022027,2022-03-13,周日,9,1,1,3,2,3,7,26,8,6:1,2:5
2022028,2022-03-15,周二,1,1,2,8,1,4,5,22,7,4:3,1:6
2022029,2022-03-18,周五,6,1,6,1,3,5,7,29,6,5:2,4:3
2022030,2022-03-20,周日,2,8,4,9,2,5,8,38,7,2:5,4:3
2022031,2022-03-22,周二,7,1,8,0,8,5,7,36,8,4:3,5:2
2022032,2022-03-25,周五,9,3,9,8,2,1,13,45,12,5:2,4:3
2022033,2022-03-27,周日,5,8,3,5,1,1,13,36,12,6:1,4:3
2022034,2022-03-29,周二,0,4,3,0,6,5,9,27,9,3:4,3:4
2022035,2022-04-01,周五,2,9,1,6,5,8,3,34,8,4:3,4:3
2022036,2022-04-03,周日,3,2,1,0,1,6,9,22,9,4:3,2:5
2022037,2022-04-05,周二,9,3,5,0,1,2,3,23,9,5:2,2:5
2022038,2022-04-08,周五,1,9,5,5,7,7,12,46,11,6:1,6:1
2022039,2022-04-10,周日,0,9,3,3,3,6,9,33,9,5:2,3:4
2022040,2022-04-12,周二,2,9,5,8,8,9,0,41,9,3:4,5:2
2022041,2022-04-15,周五,4,2,6,5,1,9,3,30,8,4:3,3:4
2022042,2022-04-17,周日,9,6,4,2,0,1,5,27,9,3:4,2:5
2022043,2022-04-19,周二,6,5,6,5,6,4,2,34,4,2:5,5:2
2022044,2022-04-22,周五,5,0,5,6,9,9,6,40,9,4:3,5:2
2022045,2022-04-24,周日,5,6,0,4,0,9,8,32,9,2:5,4:3
2022046,2022-04-26,周二,4,5,0,1,1,3,8,22,8,4:3,2:5
2022047,2022-04-29,周五,2,9,5,1,6,3,9,35,8,5:2,4:3
2022048,2022-05-01,周日,6,5,3,3,9,4,14,44,11,4:3,4:3
2022049,2022-05-03,周二,4,9,0,1,7,0,5,26,9,4:3,2:5
2022050,2022-05-06,周五,5,5,3,4,2,4,0,23,5,3:4,2:5
2022051,2022-05-08,周日,4,6,8,2,8,8,6,42,6,0:7,4:3
2022052,2022-05-10,周二,7,3,9,1,5,6,11,42,10,6:1,5:2
2022053,2022-05-13,周五,3,5,9,2,0,4,13,36,13,4:3,3:4
2022054,2022-05-15,周日,3,7,3,7,1,9,1,31,8,7:0,3:4
2022055,2022-05-17,周二,3,1,9,4,6,2,13,38,12,4:3,3:4
2022056,2022-05-20,周五,6,5,6,3,5,0,14,39,14,3:4,5:2
2022057,2022-05-22,周日,8,5,6,6,8,9,0,42,9,2:5,6:1
2022058,2022-05-24,周二,4,4,1,7,4,0,14,34,14,2:5,2:5
2022059,2022-05-27,周五,6,1,9,1,4,3,3,27,8,5:2,2:5
2022060,2022-05-29,周日,1,3,1,4,4,9,9,31,8,5:2,2:5
2022061,2022-05-31,周二,6,5,6,5,4,1,13,40,12,4:3,5:2
2022062,2022-06-03,周五,4,2,1,0,3,0,3,13,4,3:4,0:7
2022063,2022-06-05,周日,9,7,1,6,9,2,7,41,8,5:2,5:2
2022064,2022-06-07,周二,6,3,8,3,3,0,7,30,8,4:3,3:4
2022065,2022-06-10,周五,8,4,1,4,4,7,8,36,7,2:5,3:4
2022066,2022-06-12,周日,0,1,2,8,7,2,13,33,13,3:4,3:4
2022067,2022-06-14,周二,3,1,0,5,6,8,13,36,13,4:3,4:3
2022068,2022-06-17,周五,8,3,9,1,6,8,4,39,8,3:4,4:3
2022069,2022-06-19,周日,3,1,3,5,7,0,13,32,13,6:1,3:4
2022070,2022-06-21,周二,1,6,8,6,9,9,5,44,8,4:3,5:2
2022071,2022-06-24,周五,7,1,7,2,6,2,12,37,11,3:4,4:3
2022072,2022-06-26,周日,4,1,3,8,9,3,9,37,8,5:2,3:4
2022073,2022-06-28,周二,8,3,8,3,6,1,13,42,12,4:3,4:3
2022074,2022-07-01,周五,2,9,0,3,1,1,14,30,14,4:3,2:5
2022075,2022-07-03,周日,3,5,3,9,0,8,8,36,9,4:3,4:3
2022076,2022-07-05,周二,1,7,8,5,3,8,5,37,7,5:2,4:3
2022077,2022-07-08,周五,6,5,1,0,3,0,11,26,11,4:3,3:4
2022078,2022-07-10,周日,6,9,4,2,8,8,2,39,7,1:6,4:3
2022079,2022-07-12,周二,9,3,0,5,4,3,6,30,9,4:3,2:5
2022080,2022-07-15,周五,0,3,9,9,8,0,13,42,13,4:3,4:3
2022081,2022-07-17,周日,6,5,2,5,6,2,0,26,6,2:5,4:3
2022082,2022-07-19,周二,9,5,2,9,7,0,8,40,9,4:3,5:2
2022083,2022-07-22,周五,3,9,2,5,4,1,12,36,11,4:3,3:4
2022084,2022-07-24,周日,9,4,2,8,9,2,11,45,9,3:4,4:3
2022085,2022-07-26,周二,5,6,7,7,8,7,0,40,8,4:3,6:1
2022086,2022-07-29,周五,4,6,4,9,6,3,2,34,7,2:5,3:4
2022087,2022-07-31,周日,7,8,0,7,3,9,13,47,13,5:2,5:2
2022088,2022-08-02,周二,6,9,6,2,6,4,6,39,7,1:6,4:3
2022089,2022-08-05,周五,9,8,7,7,3,1,13,48,12,6:1,5:2
2022090,2022-08-07,周日,4,2,4,2,6,2,4,24,4,0:7,1:6
2022091,2022-08-09,周二,1,7,9,2,0,7,9,35,9,5:2,4:3
2022092,2022-08-12,周五,8,7,8,3,7,5,4,42,5,4:3,5:2
2022093,2022-08-14,周日,4,1,7,7,7,4,0,30,7,4:3,3:4
2022094,2022-08-16,周二,4,1,6,3,3,1,14,32,13,4:3,2:5
2022095,2022-08-19,周五,3,5,7,0,1,6,14,36,14,4:3,4:3
2022096,2022-08-21,周日,1,7,8,7,0,6,10,39,10,3:4,5:2
2022097,2022-08-23,周二,5,1,0,5,6,2,11,30,11,4:3,4:3
2022098,2022-08-26,周五,1,6,8,5,4,4,12,40,11,2:5,4:3
2022099,2022-08-28,周日,9,7,9,4,2,0,10,41,10,3:4,4:3
2022100,2022-08-30,周二,0,7,4,2,5,6,6,30,7,2:5,3:4
2022101,2022-09-02,周五,3,7,7,6,9,0,11,43,11,5:2,5:2
2022102,2022-09-04,周日,7,2,5,7,0,5,9,35,9,5:2,5:2
2022103,2022-09-06,周二,2,0,2,0,2,3,12,21,12,1:6,1:6
2022104,2022-09-09,周五,3,9,5,0,1,6,2,26,9,4:3,3:4
2022105,2022-09-11,周日,4,2,3,4,9,4,6,32,7,2:5,1:6
2022106,2022-09-13,周二,5,8,0,0,7,9,3,32,9,4:3,4:3
2022107,2022-09-16,周五,9,6,3,1,4,7,5,35,8,5:2,3:4
2022108,2022-09-18,周日,2,8,5,7,7,2,10,41,8,3:4,5:2
2022109,2022-09-20,周二,9,4,8,0,6,8,14,49,14,1:6,5:2
2022110,2022-09-23,周五,4,7,7,1,0,8,12,39,12,3:4,4:3
2022111,2022-09-25,周日,0,5,0,5,2,0,5,17,5,3:4,2:5
2022112,2022-09-27,周二,8,9,2,0,1,1,11,32,11,4:3,3:4
2022113,2022-09-30,周五,7,9,1,6,7,3,7,40,8,6:1,5:2
2022114,2022-10-07,周五,8,8,9,5,2,6,13,51,11,3:4,6:1
2022115,2022-10-09,周日,8,2,3,4,5,0,13,35,13,3:4,3:4
2022116,2022-10-11,周二,2,5,9,7,9,1,4,37,8,5:2,4:3
2022117,2022-10-14,周五,3,1,2,5,6,9,5,31,8,5:2,3:4
2022118,2022-10-16,周日,8,1,0,7,7,1,12,36,12,4:3,4:3
2022119,2022-10-18,周二,0,7,8,8,1,6,5,35,8,3:4,4:3
2022120,2022-10-21,周五,6,0,8,3,9,4,7,37,9,3:4,4:3
2022121,2022-10-23,周日,6,2,8,3,4,9,11,43,9,3:4,4:3
2022122,2022-10-25,周二,2,6,4,7,4,9,5,37,7,3:4,3:4
2022123,2022-10-28,周五,1,4,6,4,9,8,12,44,11,2:5,4:3
2022124,2022-10-30,周日,3,8,4,5,4,9,0,33,9,3:4,3:4
2022125,2022-11-01,周二,5,1,9,4,0,5,14,38,14,4:3,4:3
2022126,2022-11-04,周五,3,4,4,5,3,3,13,35,10,5:2,2:5
2022127,2022-11-06,周日,8,9,4,7,0,0,13,41,13,3:4,4:3
2022128,2022-11-08,周二,2,3,6,9,7,1,12,40,11,4:3,4:3
2022129,2022-11-11,周五,8,7,3,3,4,0,7,32,8,4:3,3:4
2022130,2022-11-13,周日,7,8,0,3,4,8,4,34,8,2:5,3:4
2022131,2022-11-15,周二,0,8,2,6,5,1,2,24,8,2:5,3:4
2022132,2022-11-18,周五,2,4,7,9,1,2,8,33,8,3:4,3:4
2022133,2022-11-20,周日,1,4,7,8,6,1,4,31,7,3:4,3:4
2022134,2022-11-22,周二,4,7,9,6,7,2,6,41,7,3:4,4:3
2022135,2022-11-25,周五,8,8,1,3,0,7,11,38,11,4:3,4:3
2022136,2022-11-27,周日,5,2,2,3,5,4,12,33,10,3:4,3:4
2022137,2022-11-29,周二,2,3,9,4,9,0,9,36,9,4:3,3:4
2022138,2022-12-02,周五,8,4,5,1,1,4,6,29,7,3:4,2:5
2022139,2022-12-04,周日,1,3,3,6,4,9,3,29,8,5:2,2:5
2022140,2022-12-06,周二,8,2,4,8,0,4,10,36,10,0:7,3:4
2022141,2022-12-09,周五,0,6,0,3,6,7,13,35,13,3:4,4:3
2022142,2022-12-11,周日,3,0,3,6,2,7,12,33,12,3:4,3:4
2022143,2022-12-13,周二,5,0,4,6,8,6,2,31,8,1:6,4:3
2022144,2022-12-16,周五,2,8,7,9,7,7,5,45,7,5:2,5:2
2022145,2022-12-18,周日,7,1,6,3,8,8,6,39,7,3:4,4:3
2022146,2022-12-20,周二,1,2,0,1,4,1,5,14,5,4:3,0:7
2022147,2022-12-23,周五,4,7,1,3,7,8,7,37,7,5:2,4:3
2022148,2022-12-25,周日,7,2,9,3,3,1,9,34,8,6:1,3:4
2022149,2022-12-27,周二,6,9,8,2,2,4,3,34,7,2:5,3:4
2022150,2022-12-30,周五,9,6,9,0,9,0,13,46,13,4:3,5:2
2023001,2023-01-01,周日,3,5,0,9,7,8,12,44,12,4:3,5:2
2023002,2023-01-03,周二,9,8,4,3,0,4,10,38,10,2:5,3:4
2023003,2023-01-06,周五,9,0,1,0,2,9,10,31,10,3:4,3:4
2023004,2023-01-08,周日,1,2,5,7,7,9,7,38,8,6:1,5:2
2023005,2023-01-10,周二,0,0,4,2,6,2,11,25,11,1:6,2:5
2023006,2023-01-13,周五,4,1,0,4,9,4,9,31,9,3:4,2:5
2023007,2023-01-15,周日,2,5,2,8,0,7,7,31,8,3:4,4:3
2023008,2023-01-17,周二,2,8,3,2,7,8,11,41,9,3:4,4:3
2023009,2023-01-29,周日,0,4,2,2,4,2,14,28,14,0:7,1:6
2023010,2023-01-31,周二,3,3,9,4,2,9,5,35,7,5:2,2:5
2023011,2023-02-03,周五,7,6,8,9,5,9,1,45,8,5:2,6:1
2023012,2023-02-05,周日,4,7,6,3,0,0,0,20,7,2:5,2:5
2023013,2023-02-07,周二,5,8,2,4,4,1,13,37,12,3:4,3:4
2023014,2023-02-10,周五,1,5,2,4,1,6,11,30,10,4:3,3:4
2023015,2023-02-12,周日,7,5,7,3,9,2,9,42,7,6:1,5:2
2023016,2023-02-14,周二,5,2,7,8,1,8,10,41,9,3:4,5:2
2023017,2023-02-17,周五,6,6,5,7,2,9,1,36,8,4:3,5:2
2023018,2023-02-19,周日,2,8,0,4,2,3,4,23,8,1:6,1:6
2023019,2023-02-21,周二,1,7,4,7,6,7,2,34,6,4:3,4:3
2023020,2023-02-24,周五,2,2,5,4,9,5,3,30,7,4:3,3:4
2023021,2023-02-26,周日,6,1,6,8,2,6,7,36,7,2:5,5:2
2023022,2023-02-28,周二,7,9,9,7,7,6,11,56,5,6:1,7:0
2023023,2023-03-03,周五,5,6,0,0,8,5,12,36,12,2:5,5:2
2023024,2023-03-05,周日,6,6,9,2,0,8,1,32,9,2:5,4:3
2023025,2023-03-07,周二,7,8,5,4,3,3,9,39,6,5:2,4:3
2023026,2023-03-10,周五,0,7,3,3,2,2,4,21,7,3:4,1:6
2023027,2023-03-12,周日,8,6,9,8,6,4,12,53,8,1:6,6:1
2023028,2023-03-14,周二,5,1,2,6,0,1,13,28,13,4:3,3:4
2023029,2023-03-17,周五,3,6,0,8,0,7,4,28,8,2:5,3:4
2023030,2023-03-19,周日,1,1,4,4,8,5,10,33,9,3:4,3:4
2023031,2023-03-21,周二,4,5,0,7,2,6,10,34,10,2:5,4:3
2023032,2023-03-24,周五,0,8,0,4,1,4,10,27,10,1:6,2:5
2023033,2023-03-26,周日,6,8,8,2,1,6,14,45,13,1:6,5:2
2023034,2023-03-28,周二,7,2,4,5,0,6,13,37,13,3:4,4:3
2023035,2023-03-31,周五,6,1,7,1,2,3,1,21,6,5:2,2:5
2023036,2023-04-02,周日,9,8,0,9,6,5,12,49,12,3:4,6:1
2023037,2023-04-04,周二,1,9,5,0,9,0,6,30,9,4:3,3:4
2023038,2023-04-07,周五,1,8,5,8,3,5,1,31,7,5:2,4:3
2023039,2023-04-09,周日,0,7,3,0,7,4,5,26,7,4:3,2:5
2023040,2023-04-11,周二,8,2,1,4,6,5,3,29,7,3:4,3:4
2023041,2023-04-14,周五,8,6,0,0,4,5,1,24,8,2:5,3:4
2023042,2023-04-16,周日,0,2,0,5,6,0,5,18,6,2:5,2:5
2023043,2023-04-18,周二,1,4,5,3,8,3,9,33,8,5:2,3:4
2023044,2023-04-21,周五,8,1,3,5,3,8,5,33,7,5:2,3:4
2023045,2023-04-23,周日,1,4,5,3,3,0,5,21,5,5:2,1:6
2023046,2023-04-25,周二,3,8,2,8,4,1,12,38,11,2:5,3:4
2023047,2023-04-28,周五,9,0,0,5,1,0,5,20,9,4:3,2:5
2023048,2023-04-30,周日,1,1,7,8,0,7,12,36,12,4:3,4:3
2023049,2023-05-02,周二,8,7,9,5,6,1,9,45,8,5:2,6:1
2023050,2023-05-05,周五,4,0,9,8,7,3,7,38,9,4:3,4:3
2023051,2023-05-07,周日,0,3,0,9,5,5,2,24,9,4:3,3:4
2023052,2023-05-09,周二,1,7,3,6,7,1,7,32,6,6:1,4:3
2023053,2023-05-12,周五,5,5,7,7,4,3,2,33,5,5:2,4:3
2023054,2023-05-14,周日,9,9,9,9,2,7,8,53,7,5:2,6:1
2023055,2023-05-16,周二,7,8,6,5,0,6,7,39,8,3:4,6:1
2023056,2023-05-19,周五,6,4,8,8,8,7,13,54,9,2:5,6:1
2023057,2023-05-21,周日,0,4,2,1,8,4,5,24,8,2:5,1:6
2023058,2023-05-23,周二,1,9,2,8,7,5,12,44,11,4:3,5:2
2023059,2023-05-26,周五,7,3,6,0,7,2,2,27,7,3:4,3:4
2023060,2023-05-28,周日,8,7,1,4,2,9,13,44,12,4:3,4:3
2023061,2023-05-30,周二,4,7,1,1,2,4,9,28,8,4:3,2:5
2023062,2023-06-02,周五,6,2,6,9,2,9,5,39,7,3:4,4:3
2023063,2023-06-04,周日,6,2,1,9,3,2,5,28,8,4:3,2:5
2023064,2023-06-06,周二,2,6,1,5,7,7,0,28,7,4:3,4:3
2023065,2023-06-09,周五,3,0,9,6,9,2,6,35,9,3:4,3:4
2023066,2023-06-11,周日,2,2,4,3,8,5,3,27,6,3:4,2:5
2023067,2023-06-13,周二,2,9,0,3,0,6,1,21,9,3:4,2:5
2023068,2023-06-16,周五,9,1,0,1,0,1,11,23,11,5:2,2:5
2023069,2023-06-18,周日,4,2,8,8,2,7,5,36,6,2:5,3:4
2023070,2023-06-20,周二,8,7,9,2,6,2,9,43,7,3:4,5:2
2023071,2023-06-23,周五,4,9,9,3,1,2,4,32,8,4:3,2:5
2023072,2023-06-25,周日,8,7,0,2,5,8,4,34,8,2:5,4:3
2023073,2023-06-27,周二,3,0,7,7,7,0,9,33,9,5:2,4:3
2023074,2023-06-30,周五,0,8,1,6,3,2,12,32,12,2:5,3:4
2023075,2023-07-02,周日,5,4,2,3,1,9,1,25,8,5:2,2:5
2023076,2023-07-04,周二,9,9,3,2,5,8,4,40,7,4:3,4:3
2023077,2023-07-07,周五,4,7,7,1,0,8,14,41,14,3:4,4:3
2023078,2023-07-09,周日,3,4,4,7,1,2,5,26,6,4:3,1:6
2023079,2023-07-11,周二,8,5,2,7,9,4,5,40,7,4:3,4:3
2023080,2023-07-14,周五,8,4,1,7,8,6,10,44,9,2:5,5:2
2023081,2023-07-16,周日,3,1,0,7,1,9,14,35,14,5:2,3:4
2023082,2023-07-18,周二,6,4,3,8,3,8,11,43,8,3:4,4:3
2023083,2023-07-21,周五,4,9,9,1,2,3,4,32,8,4:3,2:5
2023084,2023-07-23,周日,0,1,5,8,7,0,10,31,10,3:4,4:3
2023085,2023-07-25,周二,9,7,4,6,7,3,8,44,6,4:3,5:2
2023086,2023-07-28,周五,7,0,9,8,2,5,5,36,9,4:3,4:3
2023087,2023-07-30,周日,4,1,1,1,3,6,14,30,13,4:3,2:5
2023088,2023-08-01,周二,5,6,2,5,0,7,10,35,10,3:4,5:2
2023089,2023-08-04,周五,3,2,2,5,1,4,8,25,7,3:4,2:5
2023090,2023-08-06,周日,3,3,9,1,8,7,12,43,11,5:2,4:3
2023091,2023-08-08,周二,9,9,3,9,5,3,4,42,6,6:1,4:3
2023092,2023-08-11,周五,2,1,1,1,2,6,5,18,5,4:3,1:6
2023093,2023-08-13,周日,1,8,0,0,3,7,2,21,8,3:4,2:5
2023094,2023-08-15,周二,3,6,4,2,2,8,2,27,6,1:6,2:5
2023095,2023-08-18,周五,9,3,3,7,7,9,11,49,8,7:0,5:2
2023096,2023-08-20,周日,4,5,6,2,8,4,11,40,9,2:5,4:3
2023097,2023-08-22,周二,7,6,4,5,6,3,14,45,11,3:4,5:2
2023098,2023-08-25,周五,1,6,0,9,4,9,1,30,9,4:3,3:4
2023099,2023-08-27,周日,9,5,4,5,3,6,14,46,11,4:3,5:2
2023100,2023-08-29,周二,9,4,3,9,3,1,6,35,8,5:2,2:5
2023101,2023-09-01,周五,5,6,6,2,9,8,6,42,7,2:5,5:2
2023102,2023-09-03,周日,5,9,0,4,3,1,0,22,9,4:3,2:5
2023103,2023-09-05,周二,3,4,0,8,9,5,11,40,11,4:3,4:3
2023104,2023-09-08,周五,9,4,4,8,2,8,10,45,8,1:6,4:3
2023105,2023-09-10,周日,3,2,9,7,6,1,0,28,9,4:3,3:4
2023106,2023-09-12,周二,0,5,8,1,2,5,7,28,8,4:3,4:3
2023107,2023-09-15,周五,0,2,0,5,6,4,5,22,6,2:5,2:5
2023108,2023-09-17,周日,0,1,9,8,9,9,13,49,13,5:2,5:2
2023109,2023-09-19,周二,3,8,3,1,9,7,0,31,9,5:2,3:4
2023110,2023-09-22,周五,3,5,1,4,3,0,6,22,6,4:3,1:6
2023111,2023-09-24,周日,5,3,8,8,4,8,14,50,11,2:5,5:2
2023112,2023-09-26,周二,1,8,1,6,8,8,9,41,8,3:4,5:2
2023113,2023-09-29,周五,2,5,1,9,8,0,3,28,9,4:3,3:4
2023114,2023-10-06,周五,6,1,5,3,3,1,14,33,13,5:2,3:4
2023115,2023-10-08,周日,0,8,1,0,7,7,10,33,10,3:4,4:3
2023116,2023-10-10,周二,1,2,5,5,3,5,6,27,5,5:2,3:4
2023117,2023-10-13,周五,6,9,3,5,8,2,4,37,7,3:4,4:3
2023118,2023-10-15,周日,4,0,4,5,4,4,11,32,11,2:5,2:5
2023119,2023-10-17,周二,9,1,9,2,5,5,10,41,9,5:2,5:2
2023120,2023-10-20,周五,6,9,3,6,7,8,14,53,11,3:4,6:1
2023121,2023-10-22,周日,8,5,6,8,3,4,10,44,7,2:5,5:2
2023122,2023-10-24,周二,3,6,1,5,9,8,12,44,11,4:3,5:2
2023123,2023-10-27,周五,2,3,5,2,3,4,11,30,9,4:3,2:5
2023124,2023-10-29,周日,8,3,0,9,5,1,8,34,9,4:3,4:3
2023125,2023-10-31,周二,0,8,5,6,7,1,9,36,9,4:3,5:2
2023126,2023-11-03,周五,2,8,1,9,6,3,10,39,9,3:4,4:3
2023127,2023-11-05,周日,7,3,1,1,7,9,5,33,8,7:0,3:4
2023128,2023-11-07,周二,5,2,1,2,7,4,11,32,10,4:3,3:4
2023129,2023-11-10,周五,4,4,0,4,5,4,11,32,11,2:5,2:5
2023130,2023-11-12,周日,7,5,6,8,0,9,12,47,12,3:4,6:1
2023131,2023-11-14,周二,4,7,4,2,3,5,2,27,5,3:4,2:5
2023132,2023-11-17,周五,7,2,0,7,9,3,1,29,9,5:2,3:4
2023133,2023-11-19,周日,3,4,5,6,9,3,10,40,7,4:3,4:3
2023134,2023-11-21,周二,9,9,0,6,5,8,11,48,11,4:3,6:1
2023135,2023-11-24,周五,4,6,9,5,5,5,9,43,5,5:2,6:1
2023136,2023-11-26,周日,7,9,7,1,9,1,5,39,8,7:0,4:3
2023137,2023-11-28,周二,7,8,6,4,7,6,13,51,9,3:4,6:1
2023138,2023-12-01,周五,4,6,7,2,7,5,7,38,5,4:3,5:2
2023139,2023-12-03,周日,6,1,4,6,1,4,9,31,8,3:4,3:4
2023140,2023-12-05,周二,0,0,0,3,6,9,2,20,9,2:5,2:5
2023141,2023-12-08,周五,5,1,4,4,6,2,6,28,5,2:5,2:5
2023142,2023-12-10,周日,3,3,8,6,1,5,3,29,7,5:2,3:4
2023143,2023-12-12,周二,1,2,6,0,9,5,13,36,13,4:3,4:3
2023144,2023-12-15,周五,1,2,1,9,7,0,0,20,9,4:3,2:5
2023145,2023-12-17,周日,5,1,6,2,4,4,8,30,7,2:5,3:4
2023146,2023-12-19,周二,1,2,9,8,0,1,6,27,9,3:4,2:5
2023147,2023-12-22,周五,7,3,1,1,8,1,9,30,8,6:1,3:4
2023148,2023-12-24,周日,0,4,8,1,0,6,3,22,8,2:5,2:5
2023149,2023-12-26,周二,8,3,5,9,2,8,6,41,7,3:4,4:3
2023150,2023-12-29,周五,1,6,1,2,9,3,5,27,8,5:2,2:5
2023151,2023-12-31,周日,3,2,8,5,7,0,11,36,11,4:3,4:3
2024001,2024-01-02,周二,9,8,8,4,3,1,9,42,8,4:3,4:3
2024002,2024-01-05,周五,8,9,2,9,2,1,11,42,10,4:3,4:3
2024003,2024-01-07,周日,0,5,1,4,6,2,11,29,11,3:4,3:4
2024004,2024-01-09,周二,3,4,1,1,8,2,6,25,7,3:4,1:6
2024005,2024-01-12,周五,9,1,7,5,9,5,7,43,8,7:0,6:1
2024006,2024-01-14,周日,3,2,3,4,1,6,4,23,5,3:4,1:6
2024007,2024-01-16,周二,2,0,9,9,7,2,3,32,9,4:3,3:4
2024008,2024-01-19,周五,5,9,9,0,9,2,1,35,9,5:2,4:3
2024009,2024-01-21,周日,4,3,5,1,8,7,9,37,8,5:2,4:3
2024010,2024-01-23,周二,6,7,9,3,1,1,4,31,8,5:2,3:4
2024011,2024-01-26,周五,2,1,9,2,5,9,10,38,9,4:3,4:3
2024012,2024-01-28,周日,1,5,7,3,4,5,10,35,9,5:2,4:3
2024013,2024-01-30,周二,1,0,2,1,6,6,4,20,6,2:5,2:5
2024014,2024-02-02,周五,3,7,1,9,0,5,5,30,9,6:1,3:4
2024015,2024-02-04,周日,2,1,1,7,4,0,11,26,11,4:3,2:5
2024016,2024-02-06,周二,5,9,3,5,8,4,10,44,7,4:3,5:2
2024017,2024-02-18,周日,1,3,9,5,7,1,3,29,8,7:0,3:4
2024018,2024-02-20,周二,9,4,7,8,2,1,0,31,9,3:4,3:4
2024019,2024-02-23,周五,5,8,2,7,4,5,4,35,6,3:4,4:3
2024020,2024-02-25,周日,1,6,5,3,2,3,14,34,13,4:3,3:4
2024021,2024-02-27,周二,1,9,6,4,7,5,6,38,8,4:3,4:3
2024022,2024-03-01,周五,1,6,7,6,4,6,6,36,6,2:5,4:3
2024023,2024-03-03,周日,4,0,2,0,4,4,13,27,13,1:6,1:6
2024024,2024-03-05,周二,2,0,4,4,6,2,1,19,6,1:6,1:6
2024025,2024-03-08,周五,4,1,8,1,3,0,13,30,13,4:3,2:5
2024026,2024-03-10,周日,2,6,1,0,4,7,10,30,10,2:5,3:4
2024027,2024-03-12,周二,3,1,4,3,4,8,1,24,7,4:3,1:6
2024028,2024-03-15,周五,7,9,2,5,6,4,3,36,7,4:3,4:3
2024029,2024-03-17,周日,0,4,1,5,7,2,8,27,8,3:4,3:4
2024030,2024-03-19,周二,7,5,8,2,7,9,3,41,7,5:2,5:2
2024031,2024-03-22,周五,5,6,8,6,3,6,8,42,5,2:5,6:1
2024032,2024-03-24,周日,7,5,6,9,5,7,4,43,5,5:2,6:1
2024033,2024-03-26,周二,8,3,4,0,2,1,12,30,12,2:5,2:5
2024034,2024-03-29,周五,9,1,7,3,3,5,3,31,8,7:0,3:4
2024035,2024-03-31,周日,5,0,7,9,7,9,7,44,9,6:1,6:1
2024036,2024-04-02,周二,1,7,5,5,2,9,8,37,8,5:2,5:2
2024037,2024-04-05,周五,1,1,0,8,1,9,0,20,9,4:3,2:5
2024038,2024-04-07,周日,7,8,9,9,2,2,4,41,7,3:4,4:3
2024039,2024-04-09,周二,1,5,5,3,1,2,9,26,8,6:1,3:4
2024040,2024-04-12,周五,6,2,2,0,7,2,7,26,7,2:5,3:4
2024041,2024-04-14,周日,9,8,9,8,8,8,1,51,8,3:4,6:1
2024042,2024-04-16,周二,8,0,1,5,3,0,2,19,8,3:4,2:5
2024043,2024-04-19,周五,6,7,2,3,3,8,11,40,9,4:3,4:3
2024044,2024-04-21,周日,1,9,9,6,7,0,2,34,9,4:3,4:3
2024045,2024-04-23,周二,5,2,9,7,6,9,7,45,7,5:2,6:1
2024046,2024-04-26,周五,4,3,8,5,2,4,6,32,6,2:5,2:5
2024047,2024-04-28,周日,4,2,7,6,4,5,2,30,5,2:5,3:4
2024048,2024-04-30,周二,5,5,6,7,0,2,5,30,7,4:3,4:3
2024049,2024-05-03,周五,3,5,3,8,8,1,1,29,7,5:2,3:4
2024050,2024-05-05,周日,4,9,6,9,2,6,3,39,7,3:4,4:3
2024051,2024-05-07,周二,5,6,5,5,7,7,1,36,6,6:1,6:1
2024052,2024-05-10,周五,1,3,5,0,9,4,14,36,14,4:3,3:4
2024053,2024-05-12,周日,1,9,6,3,6,9,10,44,9,4:3,5:2
2024054,2024-05-14,周二,8,6,2,3,1,4,7,31,7,3:4,3:4
2024055,2024-05-17,周五,6,5,2,7,6,3,14,43,12,3:4,5:2
2024056,2024-05-19,周日,8,6,3,3,8,9,8,45,6,3:4,5:2
2024057,2024-05-21,周二,1,9,6,8,6,2,10,42,9,2:5,5:2
2024058,2024-05-24,周五,3,9,3,1,7,8,12,43,11,5:2,4:3
2024059,2024-05-26,周日,7,0,8,5,2,6,4,32,8,2:5,4:3
2024060,2024-05-28,周二,2,4,7,0,7,1,1,22,7,4:3,2:5
2024061,2024-05-31,周五,1,5,9,0,3,7,1,26,9,6:1,3:4
2024062,2024-06-02,周日,4,7,3,1,8,9,6,38,8,4:3,3:4
2024063,2024-06-04,周二,6,3,1,5,3,6,3,27,5,5:2,3:4
2024064,2024-06-07,周五,8,4,4,4,2,1,10,33,9,1:6,2:5
2024065,2024-06-09,周日,9,5,5,1,4,4,6,34,8,4:3,3:4
2024066,2024-06-11,周二,7,1,5,6,3,4,0,26,7,4:3,3:4
2024067,2024-06-14,周五,3,4,6,4,3,0,8,28,8,2:5,2:5
2024068,2024-06-16,周日,6,5,8,3,2,3,7,34,6,4:3,4:3
2024069,2024-06-18,周二,8,0,7,2,1,8,2,28,8,2:5,3:4
2024070,2024-06-21,周五,5,5,8,8,3,8,14,51,11,3:4,6:1
2024071,2024-06-23,周日,3,9,9,2,2,7,5,37,7,5:2,3:4
2024072,2024-06-25,周二,5,4,2,7,7,6,12,43,10,3:4,5:2
2024073,2024-06-28,周五,7,4,1,7,8,3,10,40,9,4:3,4:3
2024074,2024-06-30,周日,5,2,8,1,7,9,5,37,8,5:2,4:3
2024075,2024-07-02,周二,6,5,9,8,8,1,11,48,10,4:3,6:1
2024076,2024-07-05,周五,2,4,1,2,4,8,4,25,7,1:6,1:6
2024077,2024-07-07,周日,6,2,3,2,8,8,0,29,8,1:6,3:4
2024078,2024-07-09,周二,9,3,4,9,1,3,11,40,10,6:1,3:4
2024079,2024-07-12,周五,8,3,2,0,4,9,11,37,11,3:4,3:4
2024080,2024-07-14,周日,4,5,9,7,9,0,0,34,9,4:3,4:3
2024081,2024-07-16,周二,2,7,4,8,2,5,1,29,7,3:4,3:4
2024082,2024-07-19,周五,5,7,7,6,7,7,0,39,7,5:2,6:1
2024083,2024-07-21,周日,4,6,6,2,0,8,10,36,10,0:7,4:3
2024084,2024-07-23,周二,1,5,6,6,5,3,9,35,8,5:2,5:2
2024085,2024-07-26,周五,4,3,7,6,3,7,4,34,4,4:3,3:4
2024086,2024-07-28,周日,7,5,8,0,3,4,11,38,11,4:3,4:3
2024087,2024-07-30,周二,0,1,1,7,6,3,0,18,7,4:3,2:5
2024088,2024-08-02,周五,5,6,3,9,9,1,1,34,8,6:1,4:3
2024089,2024-08-04,周日,2,9,2,0,1,6,8,28,9,2:5,3:4
2024090,2024-08-06,周二,4,6,1,6,8,0,3,28,8,2:5,3:4
2024091,2024-08-09,周五,7,6,1,1,9,4,4,32,8,4:3,3:4
2024092,2024-08-11,周日,3,0,4,7,2,2,8,26,8,2:5,2:5
2024093,2024-08-13,周二,2,3,0,0,7,9,13,34,13,4:3,3:4
2024094,2024-08-16,周五,6,3,3,3,5,6,6,32,3,4:3,3:4
2024095,2024-08-18,周日,7,6,9,0,3,6,2,33,9,3:4,4:3
2024096,2024-08-20,周二,2,2,7,5,9,0,6,31,9,3:4,3:4
2024097,2024-08-23,周五,9,8,0,1,5,0,2,25,9,3:4,3:4
2024098,2024-08-25,周日,2,4,3,9,5,7,9,39,7,5:2,4:3
2024099,2024-08-27,周二,1,1,7,7,7,1,3,27,6,7:0,3:4
2024100,2024-08-30,周五,8,8,7,2,8,5,12,50,10,2:5,6:1
2024101,2024-09-01,周日,6,2,5,0,3,3,6,25,6,3:4,2:5
2024102,2024-09-03,周二,4,9,7,2,2,9,8,41,7,3:4,4:3
2024103,2024-09-06,周五,0,6,2,5,8,5,6,32,8,2:5,4:3
2024104,2024-09-08,周日,5,0,8,2,6,8,0,29,8,1:6,4:3
2024105,2024-09-10,周二,1,4,4,0,2,0,2,13,4,1:6,0:7
2024106,2024-09-13,周五,3,4,9,3,2,8,5,34,7,4:3,2:5
2024107,2024-09-15,周日,3,8,5,7,9,0,2,34,9,4:3,4:3
2024108,2024-09-17,周二,3,7,5,7,6,2,14,44,12,4:3,5:2
2024109,2024-09-20,周五,9,6,9,3,2,1,14,44,13,4:3,4:3
2024110,2024-09-22,周日,5,4,1,5,4,1,5,25,4,5:2,2:5
2024111,2024-09-24,周二,3,4,2,4,1,1,0,15,4,3:4,0:7
2024112,2024-09-27,周五,5,3,1,6,7,3,4,29,6,5:2,3:4
2024113,2024-09-29,周日,2,4,6,3,4,4,10,33,8,1:6,2:5
2024114,2024-10-06,周日,7,8,1,6,7,4,1,34,7,4:3,4:3
2024115,2024-10-08,周二,8,4,4,8,8,9,5,46,5,2:5,4:3
2024116,2024-10-11,周五,0,4,6,7,3,4,9,33,9,3:4,3:4
2024117,2024-10-13,周日,1,4,8,4,7,5,6,35,7,3:4,3:4
2024118,2024-10-15,周二,9,9,6,9,7,0,6,46,9,4:3,5:2
2024119,2024-10-18,周五,0,7,3,1,9,5,6,31,9,5:2,3:4
2024120,2024-10-20,周日,0,8,3,0,4,8,4,27,8,1:6,2:5
2024121,2024-10-22,周二,2,0,7,8,8,1,4,30,8,2:5,3:4
2024122,2024-10-25,周五,3,7,6,8,2,1,11,38,10,4:3,4:3
2024123,2024-10-27,周日,0,3,1,6,2,1,10,23,10,3:4,2:5
2024124,2024-10-29,周二,3,7,7,5,3,0,9,34,9,6:1,4:3
2024125,2024-11-01,周五,9,9,2,9,9,0,11,49,11,5:2,5:2
2024126,2024-11-03,周日,9,8,0,2,5,1,0,25,9,3:4,3:4
2024127,2024-11-05,周二,7,7,6,5,8,2,2,37,6,3:4,5:2
2024128,2024-11-08,周五,9,3,0,0,9,8,1,30,9,4:3,3:4
2024129,2024-11-10,周日,4,0,6,6,4,7,5,32,7,2:5,3:4
2024130,2024-11-12,周二,7,8,0,0,8,3,6,32,8,2:5,3:4
2024131,2024-11-15,周五,5,2,2,9,9,3,12,42,10,4:3,4:3
2024132,2024-11-17,周日,5,4,2,8,0,3,5,27,8,3:4,2:5
2024133,2024-11-19,周二,2,7,7,2,9,5,5,37,7,5:2,4:3
2024134,2024-11-22,周五,1,3,9,8,8,8,10,47,9,3:4,5:2
2024135,2024-11-24,周日,0,2,5,3,9,7,12,38,12,4:3,4:3
2024136,2024-11-26,周二,7,7,7,8,1,6,1,37,7,5:2,5:2
2024137,2024-11-29,周五,3,9,1,9,2,8,0,32,9,4:3,3:4
2024138,2024-12-01,周日,4,6,5,1,7,2,14,39,13,3:4,4:3
2024139,2024-12-03,周二,9,7,0,1,5,4,5,31,9,5:2,3:4
2024140,2024-12-06,周五,2,9,6,1,2,6,3,29,8,3:4,3:4
2024141,2024-12-08,周日,1,5,8,5,1,3,8,31,7,5:2,4:3
2024142,2024-12-10,周二,5,8,9,9,3,2,9,45,7,5:2,5:2
2024143,2024-12-13,周五,2,8,7,1,2,9,4,33,8,3:4,3:4
2024144,2024-12-15,周日,3,9,9,3,5,9,10,48,7,6:1,5:2
2024145,2024-12-17,周二,9,1,3,8,7,0,4,32,9,4:3,3:4
2024146,2024-12-20,周五,0,2,6,2,0,9,13,32,13,2:5,3:4
2024147,2024-12-22,周日,4,8,2,9,0,4,6,33,9,1:6,2:5
2024148,2024-12-24,周二,4,6,5,0,9,8,11,43,11,3:4,5:2
2024149,2024-12-27,周五,0,7,0,8,4,8,2,29,8,1:6,3:4
2024150,2024-12-29,周日,3,4,6,7,6,6,10,42,7,2:5,5:2
2024151,2024-12-31,周二,7,6,4,0,8,5,0,30,8,2:5,4:3
2025001,2025-01-03,周五,2,3,3,0,9,2,0,19,9,3:4,1:6
2025002,2025-01-05,周日,6,9,6,4,2,8,14,49,12,1:6,5:2
2025003,2025-01-07,周二,8,9,3,5,4,8,11,48,8,4:3,5:2
2025004,2025-01-10,周五,4,7,2,0,0,2,5,20,7,2:5,1:6
2025005,2025-01-12,周日,1,6,3,3,2,4,3,22,5,4:3,1:6
2025006,2025-01-14,周二,6,6,4,1,2,5,11,35,10,3:4,4:3
2025007,2025-01-17,周五,0,2,7,5,0,2,1,17,7,3:4,2:5
2025008,2025-01-19,周日,1,1,3,8,2,4,10,29,9,3:4,2:5
2025009,2025-01-21,周二,8,3,7,8,7,4,6,43,5,3:4,4:3
2025010,2025-01-24,周五,3,4,8,4,1,0,3,23,8,3:4,1:6
2025011,2025-01-26,周日,1,8,7,2,7,9,14,48,13,4:3,5:2
2025012,2025-02-07,周五,4,5,6,7,9,5,11,47,7,5:2,6:1
2025013,2025-02-09,周日,3,7,4,7,9,0,7,37,9,5:2,4:3
2025014,2025-02-11,周二,6,7,5,1,3,5,3,30,6,6:1,4:3
2025015,2025-02-14,周五,0,3,6,5,4,9,13,40,13,4:3,4:3
2025016,2025-02-16,周日,9,1,5,4,7,6,11,43,10,5:2,5:2
2025017,2025-02-18,周二,1,3,0,6,6,8,10,34,10,2:5,4:3
2025018,2025-02-21,周五,6,9,6,6,4,2,10,43,8,1:6,5:2
2025019,2025-02-23,周日,0,5,0,5,2,3,10,25,10,3:4,3:4
2025020,2025-02-25,周二,7,9,8,2,0,5,9,40,9,4:3,5:2
2025021,2025-02-28,周五,3,2,2,1,2,8,13,31,12,3:4,2:5
2025022,2025-03-02,周日,1,2,0,4,0,6,5,18,6,2:5,1:6
2025023,2025-03-04,周二,1,2,4,5,5,7,8,32,7,4:3,4:3
2025024,2025-03-07,周五,9,0,7,0,7,0,0,23,9,3:4,3:4
2025025,2025-03-09,周日,8,8,6,4,0,1,14,41,14,1:6,4:3
2025026,2025-03-11,周二,9,5,4,3,4,8,12,45,9,3:4,4:3
2025027,2025-03-14,周五,8,2,3,5,6,0,12,36,12,2:5,4:3
2025028,2025-03-16,周日,3,4,1,6,9,7,3,33,8,5:2,3:4
2025029,2025-03-18,周二,1,4,9,0,5,7,1,27,9,5:2,3:4
2025030,2025-03-21,周五,6,4,7,8,8,8,14,55,10,1:6,6:1
2025031,2025-03-23,周日,4,7,8,1,3,5,7,35,7,5:2,4:3
2025032,2025-03-25,周二,9,0,5,0,2,5,9,30,9,4:3,4:3
2025033,2025-03-28,周五,1,7,7,7,6,6,8,42,7,4:3,6:1
2025034,2025-03-30,周日,0,9,2,8,4,0,6,29,9,1:6,2:5
2025035,2025-04-01,周二,6,6,6,8,0,3,8,37,8,1:6,5:2
2025036,2025-04-04,周五,2,8,4,8,6,5,9,42,7,2:5,5:2
2025037,2025-04-06,周日,0,2,2,2,6,6,7,25,7,1:6,3:4
2025038,2025-04-08,周二,9,4,9,1,3,5,2,33,8,5:2,3:4
2025039,2025-04-11,周五,3,4,5,7,3,3,4,29,4,5:2,2:5
2025040,2025-04-13,周日,7,8,3,3,9,8,9,47,6,5:2,5:2
2025041,2025-04-15,周二,7,5,1,8,7,1,4,33,7,5:2,4:3
2025042,2025-04-18,周五,6,3,9,7,9,7,4,45,6,5:2,5:2
2025043,2025-04-20,周日,0,3,0,8,5,7,11,34,11,4:3,4:3
2025044,2025-04-22,周二,0,6,1,9,0,8,11,35,11,3:4,4:3
2025045,2025-04-25,周五,2,3,4,6,5,1,1,22,5,4:3,2:5
2025046,2025-04-27,周日,8,5,7,2,6,2,2,32,6,2:5,4:3
2025047,2025-04-29,周二,3,5,2,1,0,3,12,26,12,4:3,2:5
2025048,2025-05-02,周五,2,1,7,8,7,8,2,35,7,3:4,4:3
2025049,2025-05-04,周日,2,3,5,4,8,7,5,34,6,4:3,3:4
2025050,2025-05-06,周二,7,8,3,1,1,1,4,25,7,5:2,2:5
2025051,2025-05-09,周五,0,3,3,0,5,4,11,26,11,4:3,2:5
2025052,2025-05-11,周日,1,5,9,2,7,0,8,32,9,4:3,4:3
2025053,2025-05-13,周二,5,0,0,6,3,4,10,28,10,2:5,3:4
2025054,2025-05-16,周五,9,4,1,3,1,5,4,27,8,5:2,2:5
2025055,2025-05-18,周日,1,4,6,1,1,7,1,21,6,5:2,2:5
2025056,2025-05-20,周二,6,0,7,4,8,2,2,29,8,1:6,3:4
2025057,2025-05-23,周五,0,8,7,0,0,6,3,24,8,2:5,3:4
2025058,2025-05-25,周日,1,3,6,6,8,6,13,43,12,3:4,5:2
2025059,2025-05-27,周二,6,4,6,7,9,5,14,51,10,3:4,6:1
2025060,2025-05-30,周五,0,5,1,7,7,0,5,25,7,5:2,3:4
2025061,2025-06-01,周日,2,7,0,6,3,6,5,29,7,3:4,3:4
2025062,2025-06-03,周二,1,2,6,6,8,2,5,30,7,2:5,3:4
2025063,2025-06-06,周五,5,4,9,2,7,5,12,44,10,4:3,5:2
2025064,2025-06-08,周日,0,2,9,3,8,3,6,31,9,3:4,2:5
2025065,2025-06-10,周二,2,0,0,8,5,8,10,33,10,1:6,4:3
2025066,2025-06-13,周五,6,8,5,7,4,4,1,35,7,3:4,4:3
2025067,2025-06-15,周日,2,2,1,9,1,4,2,21,8,3:4,1:6
2025068,2025-06-17,周二,3,9,0,7,7,2,3,31,9,5:2,3:4
2025069,2025-06-20,周五,5,3,5,4,2,5,3,27,3,5:2,3:4
2025070,2025-06-22,周日,2,6,5,9,2,5,11,40,9,4:3,5:2
2025071,2025-06-24,周二,5,0,3,7,2,5,0,22,7,4:3,3:4
2025072,2025-06-27,周五,0,8,5,7,0,3,1,24,8,4:3,3:4
2025073,2025-06-29,周日,1,4,2,6,3,5,12,33,11,3:4,3:4
2025074,2025-07-01,周二,4,8,9,7,7,3,6,44,6,4:3,4:3
2025075,2025-07-04,周五,2,9,1,7,1,8,5,33,8,5:2,3:4
2025076,2025-07-06,周日,7,1,7,2,8,3,1,29,7,5:2,3:4
2025077,2025-07-08,周二,0,2,3,4,5,2,6,22,6,2:5,1:6
2025078,2025-07-11,周五,3,2,8,7,0,5,3,28,8,4:3,3:4
2025079,2025-07-13,周日,5,7,2,7,6,4,11,42,9,4:3,5:2
2025080,2025-07-15,周二,3,1,1,9,7,1,2,24,8,6:1,2:5
2025081,2025-07-18,周五,4,1,9,0,2,3,2,21,9,3:4,1:6
2025082,2025-07-20,周日,1,8,5,9,6,3,10,42,9,4:3,5:2
2025083,2025-07-22,周二,5,4,5,0,7,5,7,33,7,5:2,5:2
2025084,2025-07-25,周五,1,4,5,6,0,6,4,26,6,2:5,3:4
2025085,2025-07-27,周日,9,4,5,4,3,8,2,35,7,3:4,3:4
2025086,2025-07-29,周二,9,7,6,3,1,6,13,45,12,5:2,5:2
2025087,2025-08-01,周五,1,6,4,7,6,4,14,42,13,2:5,4:3
2025088,2025-08-03,周日,5,4,6,6,0,4,14,39,14,1:6,4:3
2025089,2025-08-05,周二,7,1,9,6,0,0,14,37,14,3:4,4:3
2025090,2025-08-08,周五,9,5,1,8,0,8,6,37,9,3:4,4:3
2025091,2025-08-10,周日,2,0,4,9,3,8,8,34,9,2:5,3:4
2025092,2025-08-12,周二,9,7,0,2,0,1,4,23,9,3:4,2:5
2025093,2025-08-15,周五,0,7,4,8,2,8,10,39,10,1:6,4:3
2025094,2025-08-17,周日,6,1,0,6,4,1,12,30,12,2:5,3:4
2025095,2025-08-19,周二,6,1,5,2,9,3,13,39,12,5:2,4:3
2025096,2025-08-22,周五,2,6,3,0,4,7,9,31,9,3:4,3:4
2025097,2025-08-24,周日,3,9,7,3,6,5,6,39,6,5:2,4:3
2025098,2025-08-26,周二,2,4,8,4,0,7,8,33,8,1:6,3:4
2025099,2025-08-29,周五,7,2,3,9,4,5,12,42,10,4:3,4:3
2025100,2025-08-31,周日,0,7,4,3,4,6,8,32,8,2:5,3:4
2025101,2025-09-02,周二,5,0,5,0,3,6,12,31,12,3:4,4:3
2025102,2025-09-05,周五,7,7,7,6,6,8,8,49,2,3:4,7:0
2025103,2025-09-07,周日,7,6,2,2,4,0,3,24,7,2:5,2:5
2025104,2025-09-09,周二,9,1,2,3,7,9,0,31,9,5:2,3:4
2025105,2025-09-12,周五,7,8,7,3,4,7,0,36,8,4:3,4:3
2025106,2025-09-14,周日,9,2,6,9,2,1,3,32,8,4:3,3:4
2025107,2025-09-16,周二,8,4,8,8,2,0,3,33,8,1:6,3:4
2025108,2025-09-19,周五,0,2,1,1,9,1,9,23,9,5:2,2:5
2025109,2025-09-21,周日,3,6,7,1,8,3,13,41,12,5:2,4:3
2025110,2025-09-23,周二,6,5,2,8,1,9,12,43,11,3:4,5:2
2025111,2025-09-26,周五,9,0,4,8,4,2,11,38,11,2:5,3:4
2025112,2025-09-28,周日,5,5,7,1,4,6,10,38,9,4:3,5:2
2025113,2025-09-30,周二,0,9,1,4,1,1,8,24,9,4:3,2:5
2025114,2025-10-05,周日,8,3,3,2,8,3,3,30,6,4:3,2:5
2025115,2025-10-07,周二,1,7,0,6,2,9,12,37,12,3:4,4:3
2025116,2025-10-10,周五,6,6,4,2,3,1,9,31,8,3:4,3:4
2025117,2025-10-12,周日,4,5,4,2,7,1,4,27,6,3:4,2:5
2025118,2025-10-14,周二,7,0,4,1,7,7,11,37,11,5:2,4:3
2025119,2025-10-17,周五,3,9,8,9,5,9,10,53,7,5:2,6:1
2025120,2025-10-19,周日,8,5,1,1,9,6,8,38,8,4:3,5:2
2025121,2025-10-21,周二,8,4,8,1,4,5,3,33,7,3:4,3:4
2025122,2025-10-24,周五,8,3,5,2,6,5,10,39,8,3:4,5:2
2025123,2025-10-26,周日,8,0,6,5,7,9,7,42,9,4:3,6:1
2025124,2025-10-28,周二,4,0,0,8,8,0,10,30,10,0:7,3:4
2025125,2025-10-31,周五,4,5,6,3,8,7,9,42,6,4:3,5:2
2025126,2025-11-02,周日,2,9,6,6,2,4,12,41,10,1:6,4:3
2025127,2025-11-04,周二,4,1,9,0,7,5,6,32,9,4:3,3:4
2025128,2025-11-07,周五,3,2,1,1,1,2,12,22,11,4:3,1:6
2025129,2025-11-09,周日,9,7,0,6,3,7,3,35,9,5:2,4:3
2025130,2025-11-11,周二,7,0,4,0,3,4,5,23,7,3:4,1:6
2025131,2025-11-14,周五,3,5,0,2,1,1,0,12,5,4:3,1:6
2025132,2025-11-16,周日,3,2,3,6,9,9,9,41,7,5:2,4:3
2025133,2025-11-18,周二,2,4,7,9,1,3,4,30,8,4:3,2:5
2025134,2025-11-21,周五,3,4,9,8,8,9,13,54,10,4:3,5:2
2025135,2025-11-23,周日,8,6,7,2,6,1,9,39,8,3:4,5:2
2025136,2025-11-25,周二,8,9,5,9,9,4,0,44,9,4:3,5:2
2025137,2025-11-28,周五,6,4,9,7,5,8,2,41,7,3:4,5:2
2025138,2025-11-30,周日,9,2,3,5,1,0,0,20,9,4:3,2:5
2025139,2025-12-02,周二,7,8,3,4,9,8,3,42,6,4:3,4:3
2025140,2025-12-05,周五,3,0,6,9,2,7,11,38,11,4:3,4:3
2025141,2025-12-07,周日,4,1,9,5,3,0,4,26,9,4:3,2:5
2025142,2025-12-09,周二,4,2,4,9,9,1,6,35,8,3:4,2:5
2025143,2025-12-12,周五,0,1,6,3,7,6,7,30,7,4:3,4:3
2025144,2025-12-14,周日,0,5,1,2,0,4,7,19,7,3:4,2:5
2025145,2025-12-16,周二,8,9,0,9,9,8,6,49,9,3:4,5:2
2025146,2025-12-19,周五,6,4,0,8,5,6,13,42,13,2:5,5:2
2025147,2025-12-21,周日,1,5,6,0,1,3,5,21,6,5:2,2:5
2025148,2025-12-23,周二,2,7,0,9,4,8,10,40,10,2:5,4:3
2025149,2025-12-26,周五,2,8,8,6,5,2,7,38,6,2:5,5:2
2025150,2025-12-28,周日,8,5,3,1,8,7,1,33,7,5:2,4:3
2025151,2025-12-30,周二,8,8,7,5,7,6,9,50,4,4:3,7:0
2026001,2026-01-02,周五,1,1,1,2,4,1,1,11,3,5:2,0:7
2026002,2026-01-04,周日,3,4,5,5,9,8,9,43,6,5:2,5:2
2026003,2026-01-06,周二,5,5,1,9,3,1,0,24,9,6:1,3:4
2026004,2026-01-09,周五,4,4,1,5,3,6,1,24,5,4:3,2:5
2026005,2026-01-11,周日,4,4,8,6,6,4,14,46,10,0:7,4:3
2026006,2026-01-13,周二,8,1,8,5,6,4,0,32,8,2:5,4:3
2026007,2026-01-16,周五,5,0,3,9,5,9,0,31,9,5:2,4:3
2026008,2026-01-18,周日,4,5,4,1,9,9,14,46,13,4:3,4:3
2026009,2026-01-20,周二,8,0,1,9,5,6,2,31,9,3:4,4:3
2026010,2026-01-23,周五,8,3,9,2,6,3,2,33,7,3:4,3:4
2026011,2026-01-25,周日,6,3,5,2,7,3,13,39,11,5:2,4:3
2026012,2026-01-27,周二,6,4,0,6,6,8,6,36,8,0:7,4:3
2026013,2026-01-30,周五,9,5,5,2,3,6,6,36,7,4:3,4:3
2026014,2026-02-01,周日,9,8,8,2,5,1,1,34,8,4:3,4:3
2026015,2026-02-03,周二,0,1,9,9,1,1,5,26,9,6:1,2:5
2026016,2026-02-06,周五,6,4,3,7,3,4,13,40,10,4:3,3:4
2026017,2026-02-08,周日,8,0,2,6,8,0,0,24,8,0:7,3:4
2026018,2026-02-10,周二,2,9,3,6,5,7,2,34,7,4:3,4:3
2026019,2026-02-13,周五,6,0,8,8,2,7,1,32,8,2:5,4:3
2026020,2026-02-24,周二,5,5,0,9,5,6,4,34,9,4:3,5:2
2026021,2026-02-27,周五,6,4,3,5,6,3,2,29,4,3:4,3:4
2026022,2026-03-01,周日,7,9,9,1,0,2,3,31,9,5:2,3:4
2026023,2026-03-03,周二,2,8,3,8,4,8,13,46,11,2:5,4:3
2026024,2026-03-06,周五,5,4,4,9,0,3,12,37,12,3:4,3:4
2026025,2026-03-08,周日,8,4,0,5,5,3,13,38,13,4:3,4:3
2026026,2026-03-10,周二,2,6,9,8,3,8,14,50,12,2:5,5:2
2026027,2026-03-13,周五,8,7,7,3,6,0,9,40,9,4:3,5:2
2026028,2026-03-15,周日,7,9,8,0,1,1,6,32,9,4:3,3:4
2026029,2026-03-17,周二,1,4,0,4,3,2,11,25,11,3:4,1:6
2026030,2026-03-20,周五,1,9,8,1,5,9,13,46,12,6:1,5:2
2026031,2026-03-22,周日,6,8,9,5,2,2,13,45,11,3:4,5:2
2026032,2026-03-24,周二,3,1,6,4,4,5,14,37,13,3:4,3:4
2026033,2026-03-27,周五,1,8,9,1,9,3,14,45,13,5:2,4:3
2026034,2026-03-29,周日,3,9,9,1,5,3,5,35,8,7:0,3:4
2026035,2026-03-31,周二,7,4,2,7,2,7,2,31,5,3:4,3:4
2026036,2026-04-03,周五,2,8,8,9,7,9,8,51,7,3:4,6:1
2026037,2026-04-05,周日,9,9,6,9,4,0,1,38,9,4:3,4:3
2026038,2026-04-07,周二,0,7,1,3,0,2,13,26,13,4:3,2:5
2026039,2026-04-10,周五,0,6,6,2,5,2,12,33,12,1:6,4:3
2026040,2026-04-12,周日,0,7,7,1,8,7,4,34,8,4:3,4:3
2026041,2026-04-14,周二,7,9,1,1,4,9,13,44,12,6:1,4:3
2026042,2026-04-17,周五,6,5,1,8,1,3,6,30,7,4:3,3:4
2026043,2026-04-19,周日,6,5,9,5,8,9,11,53,6,5:2,7:0
2026044,2026-04-21,周二,7,6,2,0,9,1,1,26,9,4:3,3:4
2026045,2026-04-24,周五,1,3,2,8,9,6,14,43,13,3:4,4:3
2026046,2026-04-26,周日,8,8,5,6,2,3,13,45,11,3:4,5:2
2026047,2026-04-28,周二,3,9,8,2,5,0,8,35,9,3:4,4:3
2026048,2026-05-01,周五,4,5,2,9,6,1,5,32,8,4:3,3:4
2026049,2026-05-03,周日,2,7,8,9,5,0,7,38,9,4:3,5:2
2026050,2026-05-05,周二,2,2,6,2,5,3,0,20,6,2:5,2:5
2026051,2026-05-08,周五,6,8,7,3,3,8,12,47,9,3:4,5:2
2026052,2026-05-10,周日,2,3,5,2,5,6,12,35,10,3:4,4:3
2026053,2026-05-12,周二,4,3,3,2,1,8,12,33,11,3:4,2:5
2026054,2026-05-15,周五,9,6,4,5,3,2,8,37,7,3:4,4:3
2026055,2026-05-17,周日,5,5,6,3,8,5,3,35,5,5:2,5:2
2026056,2026-05-19,周二,2,0,7,2,5,0,12,28,12,2:5,3:4
2026057,2026-05-22,周五,3,3,5,0,5,6,1,23,6,5:2,3:4
2026058,2026-05-24,周日,3,7,4,1,2,3,1,21,6,5:2,1:6
2026059,2026-05-26,周二,0,6,9,2,3,4,4,28,9,2:5,2:5
2026060,2026-05-29,周五,3,1,3,0,3,2,14,26,14,4:3,1:6
2026061,2026-05-31,周日,0,2,0,8,4,8,12,34,12,0:7,3:4
2026062,2026-06-02,周二,5,6,7,0,3,1,3,25,7,5:2,3:4
2026063,2026-06-05,周五,5,0,7,6,6,6,5,35,7,3:4,5:2
2026064,2026-06-07,周日,2,3,3,7,2,5,9,31,7,5:2,3:4
2026065,2026-06-09,周二,7,4,9,0,7,3,1,31,9,5:2,3:4
2026066,2026-06-12,周五,3,5,6,9,7,0,12,42,12,4:3,5:2
2026067,2026-06-14,周日,3,6,5,7,1,4,3,29,6,5:2,3:4
2026068,2026-06-16,周二,7,5,1,1,6,2,5,27,6,5:2,3:4
2026069,2026-06-19,周五,7,9,5,4,3,2,7,37,7,5:2,4:3
2026070,2026-06-21,周日,3,1,5,1,4,6,6,26,5,4:3,2:5
2026071,2026-06-23,周二,4,7,9,6,3,5,7,41,6,5:2,5:2
2026072,2026-06-26,周五,0,8,3,4,5,6,6,32,8,2:5,3:4
2026073,2026-06-28,周日,6,6,8,4,8,9,0,41,9,1:6,5:2
2026074,2026-06-30,周二,9,4,8,8,1,2,6,38,8,2:5,3:4
2026075,2026-07-03,周五,4,7,4,5,8,2,3,33,6,3:4,3:4
2026076,2026-07-05,周日,8,0,5,1,5,0,2,21,8,3:4,3:4
2026077,2026-07-07,周二,5,4,0,5,5,2,9,30,9,4:3,4:3
2026078,2026-07-10,周五,4,4,8,7,5,1,12,41,11,3:4,4:3
2026079,2026-07-12,周日,5,6,8,3,8,7,14,51,11,3:4,6:1
2026080,2026-07-14,周二,3,1,2,4,9,4,6,29,8,3:4,1:6
2026081,2026-07-17,周五,4,2,3,3,5,5,8,30,6,4:3,3:4
2026082,2026-07-19,周日,9,4,7,1,0,4,7,32,9,4:3,3:4
2026083,2026-07-21,周二,5,2,1,9,6,3,12,38,11,4:3,4:3
2026084,2026-07-24,周五,6,3,8,4,4,0,7,32,8,2:5,3:4
2026085,2026-07-26,周日,8,3,7,0,5,1,4,28,8,4:3,3:4
2026086,2026-07-28,周二,9,7,1,0,3,4,0,24,9,4:3,2:5
2026087,2026-07-31,周五,3,9,9,2,8,6,10,47,8,3:4,5:2
2026088,2026-08-02,周日,9,5,1,9,5,9,2,40,8,6:1,5:2
2026089,2026-08-04,周二,7,1,8,9,3,4,0,32,9,4:3,3:4
2026090,2026-08-07,周五,7,0,1,6,1,2,6,23,7,3:4,2:5
2026091,2026-08-09,周日,7,9,5,8,5,0,6,40,9,4:3,5:2
2026092,2026-08-11,周二,7,8,3,8,5,6,12,49,9,3:4,6:1
2026093,2026-08-14,周五,4,9,6,5,0,8,7,39,9,3:4,5:2
2026094,2026-08-16,周日,0,6,0,2,4,0,0,12,6,0:7,1:6
2026095,2026-08-18,周二,6,6,4,9,0,8,7,40,9,2:5,5:2
2026096,2026-08-21,周五,1,4,2,6,9,5,5,32,8,4:3,3:4
2026097,2026-08-23,周日,8,2,7,4,4,8,12,45,10,1:6,4:3
2026098,2026-08-25,周二,5,6,8,6,3,3,3,34,5,4:3,4:3
2026099,2026-08-28,周五,9,4,6,3,3,4,5,34,6,4:3,2:5
2026100,2026-08-30,周日,8,3,1,1,7,3,0,23,8,5:2,2:5
2026101,2026-09-01,周二,6,8,6,1,0,5,13,39,13,3:4,5:2
2026102,2026-09-04,周五,1,7,5,5,8,8,6,40,7,4:3,5:2
2026103,2026-09-06,周日,0,0,0,6,0,2,8,16,8,0:7,2:5
2026104,2026-09-08,周二,7,4,0,7,2,8,14,42,14,2:5,4:3
2026105,2026-09-11,周五,5,9,9,5,3,3,0,34,9,6:1,4:3
2026106,2026-09-13,周日,5,1,9,5,8,5,11,44,10,6:1,6:1
2026107,2026-09-15,周二,2,8,3,4,5,6,4,32,6,2:5,3:4
2026108,2026-09-18,周五,9,5,2,0,8,6,9,39,9,3:4,5:2
2026109,2026-09-20,周日,2,9,0,5,0,3,9,28,9,4:3,3:4
2026110,2026-09-22,周二,6,2,5,9,6,9,13,50,11,4:3,6:1
2026111,2026-09-25,周五,7,8,9,1,0,1,1,27,9,5:2,3:4
2026112,2026-09-27,周日,4,2,6,4,1,4,8,29,7,1:6,2:5
2026113,2026-09-29,周二,7,0,6,8,7,4,0,32,8,2:5,4:3
2026114,2026-10-06,周二,1,3,8,4,1,5,9,31,8,5:2,3:4
2026115,2026-10-09,周五,6,3,9,3,7,3,3,34,6,6:1,3:4
