期号,开奖日期,星期,红球1,红球2,红球3,红球4,红球5,红球6,蓝球,和值,跨度,AC值,奇偶比,大小比
2020034,2020-05-21,周四,02,04,14,16,28,30,14,94,28,3,0:6,2:4
2020035,2020-05-24,周日,02,11,14,23,26,32,12,108,30,4,2:4,3:3
2020036,2020-05-26,周二,02,08,10,19,22,29,16,90,27,10,2:4,3:3
2020037,2020-05-28,周四,02,05,12,18,29,32,05,98,30,8,2:4,3:3
2020038,2020-05-31,周日,02,04,08,16,17,30,08,77,28,8,1:5,2:4
2020039,2020-06-02,周二,03,05,18,20,28,31,03,105,28,7,3:3,4:2
2020040,2020-06-04,周四,05,19,26,29,30,32,04,141,27,9,3:3,5:1
2020041,2020-06-07,周日,07,12,20,26,28,30,09,123,23,8,1:5,4:2
2020042,2020-06-09,周二,01,05,06,07,14,23,13,56,22,8,4:2,1:5
2020043,2020-06-11,周四,01,04,12,16,30,31,03,94,30,9,2:4,2:4
2020044,2020-06-14,周日,08,11,16,27,28,32,03,122,24,8,2:4,3:3
2020045,2020-06-16,周二,15,17,18,19,27,32,12,128,17,8,4:2,5:1
2020046,2020-06-18,周四,03,04,07,14,19,25,15,72,22,9,4:2,2:4
2020047,2020-06-21,周日,06,13,22,26,29,33,10,129,27,5,3:3,4:2
2020048,2020-06-23,周二,04,05,15,16,28,31,01,99,27,7,3:3,2:4
2020049,2020-06-25,周四,01,05,15,18,31,32,14,102,31,7,4:2,3:3
2020050,2020-06-28,周日,06,07,10,23,24,33,01,103,27,8,3:3,3:3
2020051,2020-06-30,周二,01,03,09,14,18,27,10,72,26,8,4:2,2:4
2020052,2020-07-02,周四,16,19,21,23,27,30,04,136,14,5,4:2,5:1
2020053,2020-07-05,周日,03,10,22,24,26,28,06,113,25,7,1:5,4:2
2020054,2020-07-07,周二,01,09,16,20,24,28,07,98,27,4,2:4,3:3
2020055,2020-07-09,周四,05,06,12,14,18,27,07,82,22,7,2:4,2:4
2020056,2020-07-12,周日,05,08,10,28,31,32,16,114,27,8,2:4,3:3
2020057,2020-07-14,周二,07,14,17,18,23,29,10,108,22,8,4:2,4:2
2020058,2020-07-16,周四,01,05,09,13,17,27,06,72,26,4,6:0,2:4
2020059,2020-07-19,周日,05,08,10,17,18,29,06,87,24,9,3:3,3:3
2020060,2020-07-21,周二,08,16,17,30,31,33,08,135,25,8,3:3,4:2
2020061,2020-07-23,周四,01,04,15,25,28,31,15,104,30,6,4:2,3:3
2020062,2020-07-26,周日,06,10,11,13,24,29,01,93,23,8,3:3,2:4
2020063,2020-07-28,周二,03,08,14,19,23,33,07,100,30,8,4:2,3:3
2020064,2020-07-30,周四,05,10,15,24,28,32,06,114,27,8,2:4,3:3
2020065,2020-08-02,周日,01,07,08,19,26,32,02,93,31,6,3:3,3:3
2020066,2020-08-04,周二,02,08,14,20,25,33,08,102,31,7,2:4,3:3
2020067,2020-08-06,周四,05,08,10,17,21,29,13,90,24,9,4:2,3:3
2020068,2020-08-09,周日,07,14,24,28,32,33,05,138,26,9,2:4,4:2
2020069,2020-08-11,周二,07,08,14,16,22,26,01,93,19,8,1:5,2:4
2020070,2020-08-13,周四,02,07,19,20,25,33,01,106,31,7,4:2,4:2
2020071,2020-08-16,周日,08,14,15,22,24,32,10,115,24,7,1:5,3:3
2020072,2020-08-18,周二,04,05,15,27,30,32,01,113,28,10,3:3,3:3
2020073,2020-08-20,周四,07,13,16,21,22,33,15,112,26,8,4:2,3:3
2020074,2020-08-23,周日,05,23,27,29,30,32,03,146,27,8,4:2,5:1
2020075,2020-08-25,周二,06,09,17,19,22,32,04,105,26,6,3:3,4:2
2020076,2020-08-27,周四,01,05,15,24,28,32,01,105,31,6,3:3,3:3
2020077,2020-08-30,周日,04,07,20,25,26,29,10,111,25,8,3:3,4:2
2020078,2020-09-01,周二,05,10,16,19,23,28,03,101,23,7,3:3,3:3
2020079,2020-09-03,周四,03,13,16,17,23,30,12,102,27,6,4:2,3:3
2020080,2020-09-06,周日,02,11,13,15,17,22,10,80,20,5,4:2,2:4
2020081,2020-09-08,周二,03,05,10,19,22,24,04,83,21,6,3:3,3:3
2020082,2020-09-10,周四,01,04,07,08,17,21,03,58,20,7,4:2,2:4
2020083,2020-09-13,周日,02,03,09,11,29,30,08,84,28,8,4:2,2:4
2020084,2020-09-15,周二,08,12,22,28,30,32,11,132,24,6,0:6,4:2
2020085,2020-09-17,周四,05,20,22,26,28,33,01,134,28,8,2:4,5:1
2020086,2020-09-20,周日,01,04,06,20,23,25,15,79,24,5,3:3,3:3
2020087,2020-09-22,周二,06,21,26,27,29,33,16,142,27,9,4:2,5:1
2020088,2020-09-24,周四,08,09,10,15,28,33,05,103,25,7,3:3,2:4
2020089,2020-09-27,周日,03,21,22,24,28,30,03,128,27,8,2:4,5:1
2020090,2020-09-29,周二,09,13,17,22,25,33,02,119,24,6,5:1,4:2
2020091,2020-10-01,周四,01,03,10,11,13,22,05,60,21,6,4:2,1:5
2020092,2020-10-04,周日,01,03,17,28,30,32,07,111,31,6,3:3,4:2
2020093,2020-10-06,周二,01,07,09,13,18,19,04,67,18,7,5:1,2:4
2020094,2020-10-08,周四,04,05,13,19,30,33,06,104,29,9,4:2,3:3
2020095,2020-10-11,周日,04,06,07,08,11,17,04,53,13,6,3:3,1:5
2020096,2020-10-13,周二,07,20,25,26,30,31,08,139,24,6,3:3,5:1
2020097,2020-10-15,周四,01,04,13,21,25,33,04,97,32,6,5:1,3:3
2020098,2020-10-18,周日,04,05,09,11,12,33,12,74,29,8,4:2,1:5
2020099,2020-10-20,周二,01,05,08,15,20,25,16,74,24,7,4:2,2:4
2020100,2020-10-22,周四,03,04,08,09,11,17,10,52,14,6,4:2,1:5
2020101,2020-10-25,周日,09,17,18,19,26,32,13,121,23,7,3:3,5:1
2020102,2020-10-27,周二,01,06,21,23,27,30,15,108,29,10,4:2,4:2
2020103,2020-10-29,周四,01,03,08,11,16,17,01,56,16,8,4:2,1:5
2020104,2020-11-01,周日,02,03,10,17,20,29,06,81,27,9,3:3,3:3
2020105,2020-11-03,周二,02,15,18,25,27,33,05,120,31,10,4:2,4:2
2020106,2020-11-05,周四,08,13,14,18,26,28,15,107,20,8,1:5,3:3
2020107,2020-11-08,周日,04,11,13,14,23,24,07,89,20,6,3:3,2:4
2020108,2020-11-10,周二,12,13,20,21,23,29,09,118,17,6,4:2,4:2
2020109,2020-11-12,周四,07,15,18,27,30,32,06,129,25,8,3:3,4:2
2020110,2020-11-15,周日,03,05,26,27,29,30,04,120,27,6,4:2,4:2
2020111,2020-11-17,周二,05,06,12,15,25,31,05,94,26,7,4:2,2:4
2020112,2020-11-19,周四,05,16,24,28,29,30,13,132,25,9,2:4,4:2
2020113,2020-11-22,周日,17,21,25,27,30,31,06,151,14,6,5:1,6:0
2020114,2020-11-24,周二,07,10,12,13,17,32,15,91,25,8,3:3,2:4
2020115,2020-11-26,周四,12,17,19,21,28,29,10,126,17,7,4:2,5:1
2020116,2020-11-29,周日,01,04,05,10,20,32,01,72,31,10,2:4,2:4
2020117,2020-12-01,周二,02,11,12,21,23,25,06,94,23,7,4:2,3:3
2020118,2020-12-03,周四,06,08,10,16,23,30,04,93,24,8,1:5,2:4
2020119,2020-12-06,周日,11,23,26,27,28,33,05,148,22,8,4:2,5:1
2020120,2020-12-08,周二,01,05,13,14,25,26,06,84,25,6,4:2,2:4
2020121,2020-12-10,周四,02,14,15,30,32,33,08,126,31,8,2:4,3:3
2020122,2020-12-13,周日,04,13,14,20,26,28,15,105,24,9,1:5,3:3
2020123,2020-12-15,周二,06,07,08,13,25,27,07,86,21,7,4:2,2:4
2020124,2020-12-17,周四,01,11,12,13,19,24,14,80,23,7,4:2,2:4
2020125,2020-12-20,周日,03,07,17,19,27,31,11,104,28,5,6:0,4:2
2020126,2020-12-22,周二,03,08,18,23,24,31,13,107,28,8,3:3,4:2
2020127,2020-12-24,周四,02,04,09,10,23,24,08,72,22,8,2:4,2:4
2020128,2020-12-27,周日,03,05,07,14,20,22,04,71,19,6,3:3,2:4
2020129,2020-12-29,周二,10,12,22,25,28,31,15,128,21,7,2:4,4:2
2020130,2020-12-31,周四,02,03,08,14,26,27,04,80,25,6,2:4,2:4
2020131,2021-01-03,周日,04,09,18,25,28,30,06,114,26,8,2:4,4:2
2020132,2021-01-05,周二,02,04,12,14,17,22,01,71,20,5,1:5,2:4
2020133,2021-01-07,周四,02,06,16,22,23,31,16,100,29,10,2:4,3:3
2020134,2021-01-10,周日,05,14,18,21,22,23,09,103,18,7,3:3,4:2
2020135,2021-01-12,周二,03,07,15,18,24,33,02,100,30,8,4:2,3:3
2020136,2021-01-14,周四,04,05,06,16,21,26,12,78,22,7,2:4,2:4
2020137,2021-01-17,周日,01,09,21,26,27,29,10,113,28,8,5:1,4:2
2020138,2021-01-19,周二,03,08,11,16,18,24,15,80,21,6,2:4,2:4
2020139,2021-01-21,周四,02,06,10,17,20,29,02,84,27,9,2:4,3:3
2020140,2021-01-24,周日,14,19,22,26,28,31,12,140,17,6,2:4,5:1
2020141,2021-01-26,周二,05,07,09,10,22,31,02,84,26,9,4:2,2:4
2020142,2021-01-28,周四,11,14,19,20,22,33,06,119,22,7,3:3,4:2
2020143,2021-01-31,周日,03,06,14,16,26,28,13,93,25,7,1:5,2:4
2020144,2021-02-02,周二,05,06,16,17,19,31,12,94,26,6,4:2,3:3
2020145,2021-02-04,周四,05,06,14,24,27,28,02,104,23,8,2:4,3:3
2020146,2021-02-07,周日,02,08,14,27,28,33,04,112,31,6,2:4,3:3
2020147,2021-02-09,周二,02,05,06,13,17,33,12,76,31,8,4:2,2:4
2020148,2021-02-11,周四,02,07,08,18,21,33,13,89,31,10,3:3,3:3
2020149,2021-02-14,周日,06,14,19,23,31,33,14,126,27,8,4:2,4:2
2020150,2021-02-16,周二,05,06,12,19,28,31,11,101,26,9,3:3,3:3
2020151,2021-02-18,周四,10,14,22,26,30,32,10,134,22,5,0:6,4:2
2020152,2021-02-21,周日,02,08,12,15,20,28,01,85,26,8,1:5,2:4
2020153,2021-02-23,周二,08,11,12,13,25,29,12,98,21,7,4:2,2:4
2021001,2021-02-25,周四,06,11,13,17,21,22,14,90,16,7,4:2,3:3
2021002,2021-02-28,周日,03,14,23,27,29,31,04,127,28,8,5:1,4:2
2021003,2021-03-02,周二,11,16,22,27,31,33,02,140,22,6,4:2,4:2
2021004,2021-03-04,周四,06,08,22,25,27,28,15,116,22,7,2:4,4:2
2021005,2021-03-07,周日,01,02,08,13,22,23,14,69,22,8,3:3,2:4
2021006,2021-03-09,周二,01,15,17,18,19,29,01,99,28,7,5:1,4:2
2021007,2021-03-11,周四,07,11,13,19,23,27,04,100,20,4,6:0,3:3
2021008,2021-03-14,周日,07,12,14,15,17,31,01,96,24,7,4:2,2:4
2021009,2021-03-16,周二,06,10,11,28,31,33,02,119,27,8,3:3,3:3
2021010,2021-03-18,周四,07,08,15,17,23,31,09,101,24,7,5:1,3:3
2021011,2021-03-21,周日,04,07,16,25,26,27,02,105,23,8,3:3,3:3
2021012,2021-03-23,周二,05,07,14,16,19,29,07,90,24,8,4:2,2:4
2021013,2021-03-25,周四,05,07,14,21,31,33,12,111,28,7,5:1,3:3
2021014,2021-03-28,周日,02,03,04,05,17,22,10,53,20,7,3:3,2:4
2021015,2021-03-30,周二,05,10,13,18,19,26,07,91,21,6,3:3,3:3
2021016,2021-04-01,周四,02,07,09,21,23,29,13,91,27,8,5:1,3:3
2021017,2021-04-04,周日,02,13,24,25,26,28,05,118,26,7,2:4,4:2
2021018,2021-04-06,周二,02,03,08,10,11,19,05,53,17,6,3:3,1:5
2021019,2021-04-08,周四,13,14,19,21,27,30,15,124,17,8,4:2,4:2
2021020,2021-04-11,周日,02,03,05,09,12,21,06,52,19,7,4:2,1:5
2021021,2021-04-13,周二,02,07,17,18,30,31,05,105,29,8,3:3,4:2
2021022,2021-04-15,周四,10,16,17,20,23,27,01,113,17,4,3:3,4:2
2021023,2021-04-18,周日,04,07,09,21,23,25,03,89,21,6,5:1,3:3
2021024,2021-04-20,周二,03,05,06,19,20,33,14,86,30,6,4:2,3:3
2021025,2021-04-22,周四,11,15,16,23,26,33,09,124,22,8,4:2,3:3
2021026,2021-04-25,周日,02,18,21,23,28,33,11,125,31,7,3:3,5:1
2021027,2021-04-27,周二,01,06,16,19,29,30,07,101,29,8,3:3,3:3
2021028,2021-04-29,周四,04,08,09,16,19,28,03,84,24,9,2:4,2:4
2021029,2021-05-02,周日,02,13,15,17,26,30,01,103,28,4,3:3,3:3
2021030,2021-05-04,周二,01,10,11,15,20,32,10,89,31,7,3:3,2:4
2021031,2021-05-06,周四,04,07,12,16,24,31,15,94,27,8,2:4,2:4
2021032,2021-05-09,周日,08,14,15,19,31,32,08,119,24,8,3:3,3:3
2021033,2021-05-11,周二,09,13,23,26,29,30,16,130,21,7,4:2,4:2
2021034,2021-05-13,周四,06,09,13,20,22,25,13,95,19,7,3:3,3:3
2021035,2021-05-16,周日,01,02,03,05,15,31,16,57,30,8,5:1,1:5
2021036,2021-05-18,周二,09,11,14,23,25,30,09,112,21,6,4:2,3:3
2021037,2021-05-20,周四,03,10,27,28,29,33,15,130,30,9,4:2,4:2
2021038,2021-05-23,周日,03,05,06,14,17,29,09,74,26,7,4:2,2:4
2021039,2021-05-25,周二,05,07,12,16,20,24,02,84,19,7,2:4,2:4
2021040,2021-05-27,周四,01,06,20,22,31,32,07,112,31,10,2:4,4:2
2021041,2021-05-30,周日,02,09,10,25,27,28,02,101,26,8,3:3,3:3
2021042,2021-06-01,周二,01,06,10,22,24,29,06,92,28,8,2:4,3:3
2021043,2021-06-03,周四,01,02,05,06,07,09,12,30,8,3,4:2,0:6
2021044,2021-06-06,周日,01,11,16,18,27,33,08,106,32,8,4:2,3:3
2021045,2021-06-08,周二,05,06,11,17,24,29,06,92,24,6,4:2,3:3
2021046,2021-06-10,周四,05,10,12,20,24,32,05,103,27,8,1:5,3:3
2021047,2021-06-13,周日,03,04,07,11,17,28,04,70,25,9,4:2,2:4
2021048,2021-06-15,周二,02,16,20,21,22,32,13,113,30,9,1:5,4:2
2021049,2021-06-17,周四,03,04,07,26,28,30,04,98,27,7,2:4,3:3
2021050,2021-06-20,周日,08,17,20,22,28,29,09,124,21,8,2:4,5:1
2021051,2021-06-22,周二,11,12,13,28,29,33,15,126,22,6,4:2,3:3
2021052,2021-06-24,周四,04,15,19,23,30,31,13,122,27,6,4:2,4:2
2021053,2021-06-27,周日,03,04,13,18,25,27,07,90,24,8,4:2,3:3
2021054,2021-06-29,周二,01,11,16,17,25,31,09,101,30,7,5:1,3:3
2021055,2021-07-01,周四,05,21,22,25,29,30,04,132,25,7,4:2,5:1
2021056,2021-07-04,周日,12,22,25,29,30,31,04,149,19,9,3:3,5:1
2021057,2021-07-06,周二,06,18,20,23,30,33,02,130,27,7,2:4,5:1
2021058,2021-07-08,周四,01,05,06,16,18,21,09,67,20,8,3:3,2:4
2021059,2021-07-11,周日,09,10,11,13,15,19,16,77,10,4,5:1,1:5
2021060,2021-07-13,周二,05,09,21,28,29,33,07,125,28,7,5:1,4:2
2021061,2021-07-15,周四,06,07,09,12,14,16,14,64,10,5,2:4,0:6
2021062,2021-07-18,周日,04,16,21,24,27,33,15,125,29,6,3:3,4:2
2021063,2021-07-20,周二,02,15,16,18,26,30,16,107,28,9,1:5,3:3
2021064,2021-07-22,周四,09,18,22,28,30,31,07,138,22,8,2:4,5:1
2021065,2021-07-25,周日,01,12,15,21,27,29,11,105,28,8,5:1,3:3
2021066,2021-07-27,周二,02,04,08,15,25,32,11,86,30,8,2:4,2:4
2021067,2021-07-29,周四,11,17,24,26,29,33,16,140,22,8,4:2,5:1
2021068,2021-08-01,周日,14,24,29,30,32,33,05,162,19,8,2:4,5:1
2021069,2021-08-03,周二,16,18,21,24,27,31,03,137,15,7,3:3,5:1
2021070,2021-08-05,周四,06,09,16,21,24,33,05,109,27,7,3:3,3:3
2021071,2021-08-08,周日,07,10,13,14,23,24,06,91,17,7,3:3,2:4
2021072,2021-08-10,周二,03,08,15,17,19,20,13,82,17,7,4:2,3:3
2021073,2021-08-12,周四,04,07,09,11,23,29,04,83,25,9,5:1,2:4
2021074,2021-08-15,周日,01,08,14,18,28,30,04,99,29,9,1:5,3:3
2021075,2021-08-17,周二,10,17,24,25,26,29,02,131,19,8,3:3,5:1
2021076,2021-08-19,周四,03,04,08,13,21,25,09,74,22,7,4:2,2:4
2021077,2021-08-22,周日,04,09,14,17,26,30,06,100,26,8,2:4,3:3
2021078,2021-08-24,周二,09,15,17,20,25,29,07,115,20,8,5:1,4:2
2021079,2021-08-26,周四,01,10,13,15,19,22,13,80,21,6,4:2,2:4
2021080,2021-08-29,周日,01,12,18,21,28,33,13,113,32,10,3:3,4:2
2021081,2021-08-31,周二,15,20,21,24,28,33,05,141,18,6,3:3,5:1
2021082,2021-09-02,周四,09,12,13,23,25,32,08,114,23,10,4:2,3:3
2021083,2021-09-05,周日,04,18,24,25,28,30,16,129,26,9,1:5,5:1
2021084,2021-09-07,周二,02,08,09,11,16,29,05,75,27,9,3:3,1:5
2021085,2021-09-09,周四,16,17,24,26,28,33,07,144,17,7,2:4,5:1
2021086,2021-09-12,周日,04,06,14,17,21,31,05,93,27,8,3:3,3:3
2021087,2021-09-14,周二,03,10,17,19,21,31,13,101,28,7,5:1,4:2
2021088,2021-09-16,周四,20,21,22,24,26,33,15,146,13,6,2:4,6:0
2021089,2021-09-19,周日,03,04,07,09,17,25,03,65,22,9,5:1,2:4
2021090,2021-09-21,周二,02,05,16,26,27,30,12,106,28,6,2:4,3:3
2021091,2021-09-23,周四,02,10,11,15,21,27,12,86,25,9,4:2,2:4
2021092,2021-09-26,周日,02,06,14,16,20,33,15,91,31,8,1:5,2:4
2021093,2021-09-28,周二,02,06,10,15,22,29,06,84,27,8,2:4,2:4
2021094,2021-09-30,周四,08,11,19,21,22,25,04,106,17,6,4:2,4:2
2021095,2021-10-03,周日,08,13,16,18,19,21,01,95,13,4,3:3,3:3
2021096,2021-10-05,周二,03,06,07,08,15,21,01,60,18,9,4:2,1:5
2021097,2021-10-07,周四,02,10,14,19,22,31,13,98,29,5,2:4,3:3
2021098,2021-10-10,周日,05,06,13,18,19,33,04,94,28,7,4:2,3:3
2021099,2021-10-12,周二,02,04,08,11,13,21,13,59,19,8,3:3,1:5
2021100,2021-10-14,周四,03,05,15,18,25,32,03,98,29,8,4:2,3:3
2021101,2021-10-17,周日,02,08,22,24,26,27,01,109,25,9,1:5,4:2
2021102,2021-10-19,周二,03,04,05,14,21,24,05,71,21,8,3:3,2:4
2021103,2021-10-21,周四,06,10,11,18,22,25,05,92,19,7,2:4,3:3
2021104,2021-10-24,周日,05,13,24,25,27,30,04,124,25,9,4:2,4:2
2021105,2021-10-26,周二,03,07,09,16,21,26,01,82,23,9,4:2,2:4
2021106,2021-10-28,周四,02,14,17,18,23,25,04,99,23,10,3:3,4:2
2021107,2021-10-31,周日,01,09,10,13,18,33,03,84,32,8,4:2,2:4
2021108,2021-11-02,周二,01,07,10,18,21,33,10,90,32,8,4:2,3:3
2021109,2021-11-04,周四,03,07,10,11,24,30,05,85,27,9,3:3,2:4
2021110,2021-11-07,周日,01,18,24,25,27,32,13,127,31,9,3:3,5:1
2021111,2021-11-09,周二,01,05,23,26,27,31,15,113,30,6,5:1,4:2
2021112,2021-11-11,周四,09,12,15,18,30,31,08,115,22,7,3:3,3:3
2021113,2021-11-14,周日,02,07,10,12,13,27,11,71,25,8,3:3,1:5
2021114,2021-11-16,周二,02,07,12,16,27,33,11,97,31,9,3:3,2:4
2021115,2021-11-18,周四,03,15,21,23,24,26,06,112,23,8,4:2,4:2
2021116,2021-11-21,周日,03,05,10,18,28,32,13,96,29,10,2:4,3:3
2021117,2021-11-23,周二,07,10,12,16,25,26,15,96,19,9,2:4,2:4
2021118,2021-11-25,周四,09,11,18,19,20,24,07,101,15,7,3:3,4:2
2021119,2021-11-28,周日,09,10,12,19,28,32,08,110,23,9,2:4,3:3
2021120,2021-11-30,周二,04,06,11,13,26,33,04,93,29,5,3:3,2:4
2021121,2021-12-02,周四,07,20,22,25,26,31,09,131,24,8,3:3,5:1
2021122,2021-12-05,周日,08,16,21,22,28,33,11,128,25,7,2:4,4:2
2021123,2021-12-07,周二,06,07,17,26,28,33,05,117,27,9,3:3,4:2
2021124,2021-12-09,周四,05,07,08,11,12,15,12,58,10,4,4:2,0:6
2021125,2021-12-12,周日,08,16,20,26,29,32,06,131,24,7,1:5,4:2
2021126,2021-12-14,周二,06,07,08,20,22,32,11,95,26,6,1:5,3:3
2021127,2021-12-16,周四,14,16,18,22,25,30,02,125,16,7,1:5,4:2
2021128,2021-12-19,周日,13,16,17,22,23,26,06,117,13,4,3:3,4:2
2021129,2021-12-21,周二,02,05,15,19,29,31,11,101,29,8,5:1,3:3
2021130,2021-12-23,周四,02,05,06,19,21,23,03,76,21,7,4:2,3:3
2021131,2021-12-26,周日,06,09,10,19,26,31,05,101,25,10,3:3,3:3
2021132,2021-12-28,周二,03,04,16,18,27,28,05,96,25,7,2:4,3:3
2021133,2021-12-30,周四,10,14,22,24,32,33,03,135,23,8,1:5,4:2
2021134,2022-01-02,周日,10,19,21,23,27,31,16,131,21,6,5:1,5:1
2021135,2022-01-04,周二,12,15,19,25,28,29,13,128,17,6,4:2,4:2
2021136,2022-01-06,周四,02,09,10,15,18,27,01,81,25,8,3:3,2:4
2021137,2022-01-09,周日,01,05,07,17,27,32,07,89,31,9,5:1,3:3
2021138,2022-01-11,周二,03,04,17,21,22,33,04,100,30,8,4:2,4:2
2021139,2022-01-13,周四,03,07,13,14,21,22,12,80,19,7,4:2,2:4
2021140,2022-01-16,周日,04,13,14,16,20,27,08,94,23,9,2:4,2:4
2021141,2022-01-18,周二,01,02,04,06,23,31,04,67,30,9,3:3,2:4
2021142,2022-01-20,周四,09,10,11,12,15,23,04,80,14,6,4:2,1:5
2021143,2022-01-23,周日,08,10,11,24,25,29,02,107,21,8,3:3,3:3
2021144,2022-01-25,周二,01,12,19,23,29,31,14,115,30,9,5:1,4:2
2021145,2022-01-27,周四,01,04,20,28,32,33,02,118,32,10,2:4,4:2
2021146,2022-01-30,周日,12,14,18,20,26,32,06,122,20,3,0:6,4:2
2021147,2022-02-01,周二,10,14,26,27,31,33,14,141,23,8,3:3,4:2
2021148,2022-02-03,周四,07,11,13,15,20,25,16,91,18,7,5:1,2:4
2021149,2022-02-06,周日,05,07,15,21,30,33,09,111,28,10,5:1,3:3
2021150,2022-02-08,周二,09,11,13,19,20,25,05,97,16,8,5:1,3:3
2021151,2022-02-10,周四,01,05,18,21,22,24,14,91,23,7,3:3,4:2
2021152,2022-02-13,周日,01,03,13,15,24,33,10,89,32,7,5:1,2:4
2021153,2022-02-15,周二,02,03,14,19,24,27,11,89,25,9,3:3,3:3
2022001,2022-02-17,周四,06,11,12,26,31,32,15,118,26,5,2:4,3:3
2022002,2022-02-20,周日,02,03,11,12,24,25,10,77,23,5,3:3,2:4
2022003,2022-02-22,周二,01,16,25,26,30,33,01,131,32,10,3:3,4:2
2022004,2022-02-24,周四,05,10,12,13,15,29,12,84,24,7,4:2,1:5
2022005,2022-02-27,周日,04,07,11,12,14,19,04,67,15,5,3:3,1:5
2022006,2022-03-01,周二,07,12,21,23,25,28,11,116,21,7,4:2,4:2
2022007,2022-03-03,周四,01,07,10,14,19,27,11,78,26,8,4:2,2:4
2022008,2022-03-06,周日,01,08,16,18,20,26,08,89,25,7,1:5,3:3
2022009,2022-03-08,周二,04,07,08,12,17,33,11,81,29,8,3:3,2:4
2022010,2022-03-10,周四,07,08,14,20,23,27,08,99,20,7,3:3,3:3
2022011,2022-03-13,周日,11,16,18,23,27,30,13,125,19,6,3:3,4:2
2022012,2022-03-15,周二,06,14,21,25,26,33,03,125,27,6,3:3,4:2
2022013,2022-03-17,周四,10,13,17,19,22,24,10,105,14,5,3:3,4:2
2022014,2022-03-20,周日,07,12,17,23,24,27,03,110,20,8,4:2,4:2
2022015,2022-03-22,周二,08,13,21,25,30,33,10,130,25,6,4:2,4:2
2022016,2022-03-24,周四,01,06,07,27,31,33,15,105,32,8,5:1,3:3
2022017,2022-03-27,周日,03,07,09,16,17,23,10,75,20,7,5:1,2:4
2022018,2022-03-29,周二,01,02,16,18,24,27,08,88,26,10,2:4,3:3
2022019,2022-03-31,周四,02,08,18,24,27,32,03,111,30,8,1:5,4:2
2022020,2022-04-03,周日,03,06,07,22,24,25,13,87,22,6,3:3,3:3
2022021,2022-04-05,周二,06,08,23,24,28,29,06,118,23,8,2:4,4:2
2022022,2022-04-07,周四,01,04,09,16,18,25,05,73,24,8,3:3,2:4
2022023,2022-04-10,周日,02,07,17,21,24,25,10,96,23,9,4:2,4:2
2022024,2022-04-12,周二,16,17,25,27,29,33,16,147,17,7,5:1,5:1
2022025,2022-04-14,周四,01,09,13,19,21,29,05,92,28,5,6:0,3:3
2022026,2022-04-17,周日,03,04,06,12,13,24,12,62,21,8,2:4,1:5
2022027,2022-04-19,周二,03,05,15,16,23,26,13,88,23,8,4:2,2:4
2022028,2022-04-21,周四,06,08,15,17,32,33,07,111,27,8,3:3,3:3
2022029,2022-04-24,周日,01,19,23,27,30,32,16,132,31,9,4:2,5:1
2022030,2022-04-26,周二,02,07,09,18,26,30,14,92,28,10,2:4,3:3
2022031,2022-04-28,周四,02,11,12,13,18,33,10,89,31,9,3:3,2:4
2022032,2022-05-01,周日,02,04,14,19,28,30,12,97,28,8,1:5,3:3
2022033,2022-05-03,周二,02,17,19,21,24,29,08,112,27,8,4:2,5:1
2022034,2022-05-05,周四,09,10,18,20,27,31,16,115,22,8,3:3,4:2
2022035,2022-05-08,周日,01,08,09,11,25,31,11,85,30,10,5:1,2:4
2022036,2022-05-10,周二,06,08,11,14,24,29,01,92,23,7,2:4,2:4
2022037,2022-05-12,周四,06,11,16,17,19,22,03,91,16,5,3:3,3:3
2022038,2022-05-15,周日,04,06,07,12,23,29,13,81,25,8,3:3,2:4
2022039,2022-05-17,周二,08,09,14,21,26,29,01,107,21,8,3:3,3:3
2022040,2022-05-19,周四,01,05,09,14,17,33,06,79,32,7,5:1,2:4
2022041,2022-05-22,周日,01,07,15,16,22,25,01,86,24,7,4:2,2:4
2022042,2022-05-24,周二,01,04,07,15,16,19,13,62,18,6,4:2,1:5
2022043,2022-05-26,周四,18,21,25,26,28,30,13,148,12,5,2:4,6:0
2022044,2022-05-29,周日,10,13,20,22,26,32,14,123,22,7,1:5,4:2
2022045,2022-05-31,周二,02,10,17,21,22,30,14,102,28,8,2:4,4:2
2022046,2022-06-02,周四,03,04,09,27,31,33,06,107,30,8,5:1,3:3
2022047,2022-06-05,周日,04,12,14,22,24,29,07,105,25,6,1:5,3:3
2022048,2022-06-07,周二,01,02,21,23,32,33,08,112,32,8,4:2,4:2
2022049,2022-06-09,周四,03,07,11,12,18,29,03,80,26,8,4:2,2:4
2022050,2022-06-12,周日,04,07,12,16,20,32,10,91,28,6,1:5,2:4
2022051,2022-06-14,周二,02,12,17,27,29,33,10,120,31,8,4:2,4:2
2022052,2022-06-16,周四,01,05,11,12,19,30,03,78,29,7,4:2,2:4
2022053,2022-06-19,周日,04,13,17,27,29,33,12,123,29,8,5:1,4:2
2022054,2022-06-21,周二,11,17,18,22,26,33,07,127,22,6,3:3,5:1
2022055,2022-06-23,周四,10,11,20,28,32,33,10,134,23,8,2:4,4:2
2022056,2022-06-26,周日,08,15,21,23,28,29,09,124,21,6,4:2,4:2
2022057,2022-06-28,周二,02,09,14,23,27,33,11,108,31,10,4:2,3:3
2022058,2022-06-30,周四,07,11,15,21,25,31,06,110,24,4,6:0,3:3
2022059,2022-07-03,周日,07,19,22,23,24,29,12,124,22,8,4:2,5:1
2022060,2022-07-05,周二,04,07,08,17,18,29,15,83,25,7,3:3,3:3
2022061,2022-07-07,周四,02,15,17,21,26,33,13,114,31,10,4:2,4:2
2022062,2022-07-10,周日,23,24,26,27,31,32,10,163,9,4,3:3,6:0
2022063,2022-07-12,周二,05,16,23,25,28,29,09,126,24,10,4:2,4:2
2022064,2022-07-14,周四,01,07,15,17,25,27,09,92,26,6,6:0,3:3
2022065,2022-07-17,周日,02,07,10,12,21,24,06,76,22,7,2:4,2:4
2022066,2022-07-19,周二,06,11,14,24,25,32,09,112,26,8,2:4,3:3
2022067,2022-07-21,周四,07,09,13,14,22,23,05,88,16,8,4:2,2:4
2022068,2022-07-24,周日,03,10,11,14,26,31,16,95,28,10,3:3,2:4
2022069,2022-07-26,周二,06,09,18,21,23,30,14,107,24,6,3:3,4:2
2022070,2022-07-28,周四,03,07,08,12,19,32,03,81,29,8,3:3,2:4
2022071,2022-07-31,周日,06,09,14,18,22,26,16,95,20,5,1:5,3:3
2022072,2022-08-02,周二,05,10,14,16,21,23,04,89,18,5,3:3,2:4
2022073,2022-08-04,周四,01,04,15,21,23,32,02,96,31,8,4:2,3:3
2022074,2022-08-07,周日,12,16,17,18,21,28,15,112,16,7,2:4,4:2
2022075,2022-08-09,周二,03,16,21,23,26,33,09,122,30,7,4:2,4:2
2022076,2022-08-11,周四,04,11,19,24,29,32,08,119,28,7,3:3,4:2
2022077,2022-08-14,周日,05,11,16,17,22,33,11,104,28,4,4:2,3:3
2022078,2022-08-16,周二,01,02,05,11,25,32,16,76,31,10,4:2,2:4
2022079,2022-08-18,周四,04,08,20,24,26,27,07,109,23,8,1:5,4:2
2022080,2022-08-21,周日,17,19,21,22,23,30,11,132,13,6,4:2,6:0
2022081,2022-08-23,周二,02,03,04,16,31,32,14,88,30,6,2:4,2:4
2022082,2022-08-25,周四,07,09,17,19,28,33,12,113,26,8,5:1,4:2
2022083,2022-08-28,周日,17,18,19,26,28,32,08,140,15,7,2:4,6:0
2022084,2022-08-30,周二,12,13,20,26,28,31,15,130,19,9,2:4,4:2
2022085,2022-09-01,周四,04,05,07,14,23,28,12,81,24,9,3:3,2:4
2022086,2022-09-04,周日,01,12,14,20,21,33,14,101,32,8,3:3,3:3
2022087,2022-09-06,周二,10,12,13,16,17,23,11,91,13,5,3:3,2:4
2022088,2022-09-08,周四,01,11,12,18,28,32,13,102,31,8,2:4,3:3
2022089,2022-09-11,周日,04,06,23,26,30,33,10,122,29,8,2:4,4:2
2022090,2022-09-13,周二,14,16,22,26,27,30,14,135,16,8,1:5,4:2
2022091,2022-09-15,周四,10,12,13,21,26,31,06,113,21,9,3:3,3:3
2022092,2022-09-18,周日,03,07,23,27,29,32,16,121,29,8,5:1,4:2
2022093,2022-09-20,周二,01,02,05,12,22,32,10,74,31,7,2:4,2:4
2022094,2022-09-22,周四,03,11,15,19,21,28,02,97,25,8,5:1,3:3
2022095,2022-09-25,周日,01,05,13,14,30,31,05,94,30,8,4:2,2:4
2022096,2022-09-27,周二,03,05,08,09,12,24,08,61,21,8,3:3,1:5
2022097,2022-09-29,周四,02,09,11,12,25,32,10,91,30,8,3:3,2:4
2022098,2022-10-02,周日,08,12,17,18,21,32,03,108,24,8,2:4,4:2
2022099,2022-10-04,周二,03,06,10,17,20,21,16,77,18,5,3:3,3:3
2022100,2022-10-06,周四,09,14,23,29,30,31,03,136,22,9,4:2,4:2
2022101,2022-10-09,周日,04,05,09,11,19,20,16,68,16,8,4:2,2:4
2022102,2022-10-11,周二,07,20,24,26,30,33,12,140,26,7,2:4,5:1
2022103,2022-10-13,周四,13,19,23,24,26,27,13,132,14,7,4:2,5:1
2022104,2022-10-16,周日,09,12,13,19,23,31,03,107,22,8,5:1,3:3
2022105,2022-10-18,周二,06,07,09,18,22,25,01,87,19,8,3:3,3:3
2022106,2022-10-20,周四,02,11,14,16,18,27,05,88,25,7,2:4,2:4
2022107,2022-10-23,周日,14,18,20,21,30,33,16,136,19,8,2:4,5:1
2022108,2022-10-25,周二,03,09,13,14,31,32,02,102,29,8,4:2,2:4
2022109,2022-10-27,周四,12,13,15,16,27,29,12,112,17,6,4:2,2:4
2022110,2022-10-30,周日,04,06,14,15,21,31,01,91,27,8,3:3,2:4
2022111,2022-11-01,周二,08,10,20,21,22,26,14,107,18,7,1:5,4:2
2022112,2022-11-03,周四,02,15,18,28,31,33,05,127,31,6,3:3,4:2
2022113,2022-11-06,周日,01,10,15,17,21,26,02,90,25,6,4:2,3:3
2022114,2022-11-08,周二,05,13,14,29,30,32,10,123,27,8,3:3,3:3
2022115,2022-11-10,周四,03,04,07,13,27,33,03,87,30,8,5:1,2:4
2022116,2022-11-13,周日,02,26,28,29,30,33,09,148,31,6,2:4,5:1
2022117,2022-10-13,周四,04,13,17,18,28,29,06,109,25,8,3:3,4:2
2022118,2022-10-16,周日,02,06,07,11,14,33,08,73,31,8,3:3,1:5
2022119,2022-10-18,周二,02,05,15,18,26,27,04,93,25,8,3:3,3:3
2022120,2022-10-20,周四,02,15,19,26,27,29,02,118,27,10,4:2,4:2
2022121,2022-10-23,周日,12,17,22,27,30,31,02,139,19,7,3:3,5:1
2022122,2022-10-25,周二,06,08,17,19,24,28,05,102,22,6,2:4,4:2
2022123,2022-10-27,周四,10,13,16,20,21,25,05,105,15,7,3:3,3:3
2022124,2022-10-30,周日,05,10,13,18,24,26,01,96,21,6,2:4,3:3
2022125,2022-11-01,周二,02,03,07,12,20,31,16,75,29,9,3:3,2:4
2022126,2022-11-03,周四,01,13,15,17,26,33,13,105,32,8,5:1,3:3
2022127,2022-11-06,周日,03,04,09,10,29,33,13,88,30,8,4:2,2:4
2022128,2022-11-08,周二,03,12,18,24,27,29,01,113,26,7,3:3,4:2
2022129,2022-11-10,周四,10,12,14,22,24,27,07,109,17,6,1:5,3:3
2022130,2022-11-13,周日,02,08,15,17,26,28,12,96,26,6,2:4,3:3
2022131,2022-11-15,周二,03,05,10,13,19,29,06,79,26,8,5:1,2:4
2022132,2022-11-17,周四,01,03,18,26,32,33,04,113,32,9,3:3,4:2
2022133,2022-11-20,周日,05,08,16,17,21,25,12,92,20,7,4:2,3:3
2022134,2022-11-22,周二,01,05,14,17,24,31,14,92,30,9,4:2,3:3
2022135,2022-11-24,周四,09,11,13,24,28,32,06,117,23,5,3:3,3:3
2022136,2022-11-27,周日,08,10,14,15,18,22,08,87,14,6,1:5,2:4
2022137,2023-01-01,周日,01,07,10,20,22,31,06,91,30,8,3:3,3:3
2022138,2023-01-03,周二,02,05,08,14,21,27,07,77,25,5,3:3,2:4
2022139,2023-01-05,周四,10,12,18,27,32,33,08,132,23,8,2:4,4:2
2022140,2023-01-08,周日,09,14,18,19,23,31,15,114,22,6,4:2,4:2
2022141,2023-01-10,周二,02,07,19,25,26,30,15,109,28,8,3:3,4:2
2022142,2023-01-12,周四,08,09,27,30,31,32,09,137,24,6,3:3,4:2
2022143,2023-01-15,周日,12,25,28,30,31,32,11,158,20,7,2:4,5:1
2022144,2023-01-17,周二,08,09,11,15,19,31,06,93,23,9,5:1,2:4
2022145,2023-01-19,周四,08,10,13,16,17,25,15,89,17,7,3:3,2:4
2022146,2023-01-22,周日,15,17,23,24,25,31,07,135,16,4,5:1,5:1
2022147,2023-01-24,周二,10,13,22,29,31,32,04,137,22,7,3:3,4:2
2022148,2023-01-26,周四,02,04,07,08,25,27,10,73,25,8,3:3,2:4
2022149,2023-01-29,周日,01,05,11,13,19,23,01,72,22,4,6:0,2:4
2022150,2023-01-31,周二,01,05,08,20,23,31,06,88,30,8,4:2,3:3
2022151,2023-02-02,周四,02,06,10,16,17,32,09,83,30,8,1:5,2:4
2022152,2023-02-05,周日,05,06,24,26,28,30,03,119,25,7,1:5,4:2
2022153,2023-02-07,周二,06,14,15,26,28,31,06,120,25,10,2:4,3:3
2023001,2023-02-09,周四,03,04,09,13,16,20,06,65,17,8,3:3,1:5
2023002,2023-02-12,周日,06,08,09,16,21,29,04,89,23,8,3:3,2:4
2023003,2023-02-14,周二,02,03,17,21,26,29,10,98,27,10,4:2,4:2
2023004,2023-02-16,周四,01,06,11,17,20,23,03,78,22,7,4:2,3:3
2023005,2023-02-19,周日,05,07,12,17,22,30,05,93,25,7,3:3,3:3
2023006,2023-02-21,周二,01,02,09,12,20,23,14,67,22,6,3:3,2:4
2023007,2023-02-23,周四,12,15,17,23,24,30,04,121,18,8,3:3,4:2
2023008,2023-02-26,周日,10,12,14,15,16,26,14,93,16,6,1:5,1:5
2023009,2023-02-28,周二,11,14,23,26,28,30,08,132,19,7,2:4,4:2
2023010,2023-03-02,周四,06,07,11,30,31,32,06,117,26,6,3:3,3:3
2023011,2023-03-05,周日,04,06,10,13,21,29,14,83,25,9,3:3,2:4
2023012,2023-03-07,周二,11,12,14,19,22,24,05,102,13,5,2:4,3:3
2023013,2023-03-09,周四,04,08,17,20,26,30,11,105,26,6,1:5,4:2
2023014,2023-03-12,周日,08,10,21,23,24,31,16,117,23,8,3:3,4:2
2023015,2023-03-14,周二,01,10,12,29,31,33,04,116,32,6,4:2,3:3
2023016,2023-03-16,周四,03,14,19,26,28,33,16,123,30,7,3:3,4:2
2023017,2023-03-19,周日,02,03,04,08,23,25,14,65,23,7,3:3,2:4
2023018,2023-03-21,周二,03,06,14,16,21,26,13,86,23,8,2:4,2:4
2023019,2023-03-23,周四,05,09,13,14,16,30,06,87,25,9,3:3,1:5
2023020,2023-03-26,周日,10,13,15,19,27,30,05,114,20,8,4:2,3:3
2023021,2023-03-28,周二,01,02,12,22,26,33,15,96,32,7,2:4,3:3
2023022,2023-03-30,周四,15,18,26,28,30,33,11,150,18,7,2:4,5:1
2023023,2023-04-02,周日,02,08,20,23,26,33,08,112,31,7,2:4,4:2
2023024,2023-04-04,周二,10,16,18,27,31,33,03,135,23,6,3:3,4:2
2023025,2023-04-06,周四,10,12,15,21,27,32,07,117,22,6,3:3,3:3
2023026,2023-04-09,周日,03,17,22,23,27,28,04,120,25,6,4:2,5:1
2023027,2023-04-11,周二,02,04,05,14,28,29,13,82,27,8,2:4,2:4
2023028,2023-04-13,周四,01,07,10,13,29,31,15,91,30,8,5:1,2:4
2023029,2023-04-16,周日,01,08,11,12,22,25,12,79,24,6,3:3,2:4
2023030,2023-04-18,周二,06,08,09,15,27,31,16,96,25,10,4:2,2:4
2023031,2023-04-20,周四,02,06,07,08,15,22,14,60,20,8,2:4,1:5
2023032,2023-04-23,周日,02,03,20,27,28,31,08,111,29,8,3:3,4:2
2023033,2023-04-25,周二,02,08,15,23,27,30,12,105,28,8,3:3,3:3
2023034,2023-04-27,周四,02,16,17,25,31,33,11,124,31,7,4:2,4:2
2023035,2023-04-30,周日,03,08,15,20,22,27,03,95,24,3,3:3,3:3
2023036,2023-05-02,周二,04,05,08,15,22,28,10,82,24,9,2:4,2:4
2023037,2023-05-04,周四,08,11,14,30,31,32,03,126,24,8,2:4,3:3
2023038,2023-05-07,周日,06,08,14,22,32,33,10,115,27,9,1:5,3:3
2023039,2023-05-09,周二,05,10,21,23,24,25,08,108,20,8,4:2,4:2
2023040,2023-05-11,周四,07,18,21,26,27,28,16,127,21,9,3:3,5:1
2023041,2023-05-14,周日,05,09,19,24,28,32,16,117,27,6,3:3,4:2
2023042,2023-05-16,周二,09,10,12,15,16,29,06,91,20,7,3:3,1:5
2023043,2023-05-18,周四,18,20,21,22,26,30,12,137,12,5,1:5,6:0
2023044,2023-05-21,周日,08,11,15,16,24,26,06,100,18,9,2:4,2:4
2023045,2023-05-23,周二,01,13,22,28,29,33,06,126,32,10,4:2,4:2
2023046,2023-05-25,周四,09,11,12,14,19,24,14,89,15,5,3:3,2:4
2023047,2023-05-28,周日,05,06,09,21,30,33,16,104,28,7,4:2,3:3
2023048,2023-05-30,周二,15,16,18,21,28,33,13,131,18,7,3:3,4:2
2023049,2023-06-01,周四,04,10,14,18,20,25,11,91,21,7,1:5,3:3
2023050,2023-06-04,周日,02,05,09,25,27,32,14,100,30,8,4:2,3:3
2023051,2023-06-06,周二,04,05,08,16,24,27,08,84,23,6,2:4,2:4
2023052,2023-06-08,周四,05,16,18,21,29,31,04,120,26,6,4:2,4:2
2023053,2023-06-11,周日,09,12,17,22,23,29,14,112,20,8,4:2,4:2
2023054,2023-06-13,周二,02,04,07,10,22,29,15,74,27,9,2:4,2:4
2023055,2023-06-15,周四,01,02,09,14,19,26,06,71,25,6,3:3,2:4
2023056,2023-06-18,周日,02,08,13,26,27,30,15,106,28,10,2:4,3:3
2023057,2023-06-20,周二,05,08,20,24,25,29,08,111,24,8,3:3,4:2
2023058,2023-06-22,周四,07,13,14,27,28,29,05,118,22,6,4:2,3:3
2023059,2023-06-25,周日,06,11,13,15,28,30,06,103,24,6,3:3,2:4
2023060,2023-06-27,周二,05,14,18,22,23,24,16,106,19,7,2:4,4:2
2023061,2023-06-29,周四,08,13,15,17,27,28,10,108,20,9,4:2,3:3
2023062,2023-07-02,周日,08,14,20,28,31,33,16,134,25,9,2:4,4:2
2023063,2023-07-04,周二,08,15,16,19,28,32,09,118,24,8,2:4,3:3
2023064,2023-07-06,周四,02,11,19,20,28,32,07,112,30,6,2:4,4:2
2023065,2023-07-09,周日,04,07,08,21,27,32,12,99,28,10,3:3,3:3
2023066,2023-07-11,周二,02,07,08,20,26,31,02,94,29,6,2:4,3:3
2023067,2023-07-13,周四,03,04,14,18,23,24,06,86,21,7,2:4,3:3
2023068,2023-07-16,周日,12,16,18,24,25,27,02,122,15,7,2:4,4:2
2023069,2023-07-18,周二,06,13,18,19,28,33,09,117,27,8,3:3,4:2
2023070,2023-07-20,周四,01,03,04,11,24,30,05,73,29,10,3:3,2:4
2023071,2023-07-23,周日,03,14,20,25,26,31,12,119,28,4,3:3,4:2
2023072,2023-07-25,周二,04,10,12,15,16,28,04,85,24,8,1:5,1:5
2023073,2023-07-27,周四,02,14,17,24,26,28,03,111,26,8,1:5,4:2
2023074,2023-07-30,周日,02,07,13,25,29,33,06,109,31,9,5:1,3:3
2023075,2023-08-01,周二,03,05,18,20,26,33,16,105,30,6,3:3,4:2
2023076,2023-08-03,周四,01,07,14,16,18,33,01,89,32,7,3:3,2:4
2023077,2023-08-06,周日,01,07,09,20,21,27,10,85,26,8,5:1,3:3
2023078,2023-08-08,周二,04,07,12,19,26,28,12,96,24,9,2:4,3:3
2023079,2023-08-10,周四,08,23,28,29,31,32,11,151,24,8,3:3,5:1
2023080,2023-08-13,周日,03,06,08,20,23,27,16,87,24,8,3:3,3:3
2023081,2023-08-15,周二,12,14,16,19,25,33,07,119,21,9,3:3,3:3
2023082,2023-08-17,周四,05,09,14,24,25,33,16,110,28,8,4:2,3:3
2023083,2023-08-20,周日,11,15,16,18,21,25,08,106,14,5,4:2,3:3
2023084,2023-08-22,周二,06,11,12,17,23,31,01,100,25,6,4:2,3:3
2023085,2023-08-24,周四,02,06,08,14,15,31,08,76,29,9,2:4,1:5
2023086,2023-08-27,周日,02,09,16,18,25,30,02,100,28,5,2:4,3:3
2023087,2023-08-29,周二,05,06,12,16,26,33,02,98,28,7,2:4,2:4
2023088,2023-08-31,周四,12,19,21,22,24,29,01,127,17,5,3:3,5:1
2023089,2023-09-03,周日,05,13,14,17,18,31,02,98,26,7,4:2,3:3
2023090,2023-09-05,周二,04,08,10,18,27,33,16,100,29,8,2:4,3:3
2023091,2023-09-07,周四,05,15,17,21,25,32,07,115,27,8,5:1,4:2
2023092,2023-09-10,周日,03,04,14,21,26,27,05,95,24,8,3:3,3:3
2023093,2023-09-12,周二,03,11,13,14,17,25,12,83,22,6,5:1,2:4
2023094,2023-09-14,周四,01,07,10,20,27,32,14,97,31,10,3:3,3:3
2023095,2023-09-17,周日,06,09,13,19,24,25,09,96,19,9,4:2,3:3
2023096,2023-09-19,周二,06,08,12,14,19,31,05,90,25,8,2:4,2:4
2023097,2023-09-21,周四,09,12,14,24,27,32,06,118,23,6,2:4,3:3
2023098,2023-09-24,周日,04,10,15,17,22,23,05,91,19,6,3:3,3:3
2023099,2023-09-26,周二,06,18,21,25,27,31,14,128,25,8,4:2,5:1
2023100,2023-09-28,周四,02,09,15,22,29,31,14,108,29,6,4:2,3:3
2023101,2023-10-01,周日,08,13,16,23,24,32,12,116,24,7,2:4,3:3
2023102,2023-10-03,周二,06,13,15,17,22,28,14,101,22,6,3:3,3:3
2023103,2023-10-05,周四,02,09,11,15,16,27,01,80,25,9,4:2,1:5
2023104,2023-10-08,周日,01,13,15,16,24,33,05,102,32,9,4:2,2:4
2023105,2023-10-10,周二,02,05,07,08,11,18,05,51,16,7,3:3,1:5
2023106,2023-10-12,周四,01,08,16,19,21,27,08,92,26,8,4:2,3:3
2023107,2023-10-15,周日,07,12,27,31,32,33,16,142,26,7,4:2,4:2
2023108,2023-10-17,周二,03,05,10,16,23,25,14,82,22,6,4:2,2:4
2023109,2023-10-19,周四,08,16,21,26,28,30,03,129,22,8,1:5,4:2
2023110,2023-10-22,周日,05,10,13,17,22,28,09,95,23,8,3:3,3:3
2023111,2023-10-24,周二,01,02,14,17,25,26,06,85,25,7,3:3,3:3
2023112,2023-10-26,周四,02,19,22,28,30,33,05,134,31,8,2:4,5:1
2023113,2023-10-29,周日,13,14,20,22,23,30,09,122,17,5,2:4,4:2
2023114,2023-10-31,周二,01,13,14,26,30,33,09,117,32,8,3:3,3:3
2023115,2023-11-02,周四,09,12,14,18,22,23,03,98,14,7,2:4,3:3
2023116,2023-11-05,周日,10,17,21,23,24,32,16,127,22,8,3:3,5:1
2023117,2023-11-07,周二,09,10,19,23,25,29,16,115,20,7,5:1,4:2
2023118,2023-11-09,周四,01,10,15,17,29,33,15,105,32,8,5:1,3:3
2023119,2023-11-12,周日,02,09,20,21,29,32,10,113,30,8,3:3,4:2
2023120,2023-11-14,周二,01,02,04,09,17,33,08,66,32,8,4:2,2:4
2023121,2023-11-16,周四,02,11,13,22,25,29,03,102,27,8,4:2,3:3
2023122,2023-11-19,周日,09,11,16,21,25,31,04,113,22,8,5:1,3:3
2023123,2023-11-21,周二,03,07,17,20,26,28,12,101,25,10,3:3,4:2
2023124,2023-11-23,周四,14,17,22,24,25,31,15,133,17,7,3:3,5:1
2023125,2023-11-26,周日,12,16,18,21,22,25,08,114,13,5,2:4,4:2
2023126,2023-11-28,周二,05,06,10,14,27,32,16,94,27,7,2:4,2:4
2023127,2023-11-30,周四,01,02,16,17,25,30,01,91,29,7,3:3,3:3
2023128,2023-12-03,周日,02,08,11,13,16,26,13,76,24,8,2:4,1:5
2023129,2023-12-05,周二,02,05,09,12,21,23,16,72,21,8,4:2,2:4
2023130,2023-12-07,周四,08,09,13,18,22,23,09,93,15,3,3:3,3:3
2023131,2023-12-10,周日,02,08,14,17,22,32,05,95,30,8,1:5,3:3
2023132,2023-12-12,周二,01,02,14,19,26,31,11,93,30,6,3:3,3:3
2023133,2023-12-14,周四,05,06,12,16,23,25,06,87,20,8,3:3,2:4
2023134,2023-12-17,周日,06,09,11,13,20,26,07,85,20,8,3:3,2:4
2023135,2023-12-19,周二,07,14,16,22,24,29,12,112,22,6,2:4,3:3
2023136,2023-12-21,周四,01,03,07,19,29,33,16,92,32,8,6:0,3:3
2023137,2023-12-24,周日,02,07,10,20,23,33,15,95,31,6,3:3,3:3
2023138,2023-12-26,周二,03,23,27,29,31,32,02,145,29,8,5:1,5:1
2023139,2023-12-28,周四,01,05,10,15,24,33,04,88,32,5,4:2,2:4
2023140,2023-12-31,周日,02,04,17,18,21,31,12,93,29,8,3:3,4:2
2023141,2024-01-02,周二,10,11,17,25,26,33,03,122,23,5,4:2,4:2
2023142,2024-01-04,周四,12,14,15,25,28,30,02,124,18,6,2:4,3:3
2023143,2024-01-07,周日,01,03,04,05,07,28,16,48,27,5,4:2,1:5
2023144,2024-01-09,周二,02,07,10,21,29,30,09,99,28,8,3:3,3:3
2023145,2024-01-11,周四,01,06,07,14,16,29,02,73,28,8,3:3,1:5
2023146,2024-01-14,周日,10,11,12,25,28,31,05,117,21,8,3:3,3:3
2023147,2024-01-16,周二,09,14,16,18,21,24,13,102,15,6,2:4,3:3
2023148,2024-01-18,周四,04,10,11,14,26,27,01,92,23,8,2:4,2:4
2023149,2024-01-21,周日,17,18,20,21,25,28,14,129,11,4,3:3,6:0
2023150,2024-01-23,周二,03,17,20,24,28,33,12,125,30,9,3:3,5:1
2023151,2024-01-25,周四,07,15,18,25,32,33,08,130,26,7,4:2,4:2
2023152,2024-01-28,周日,01,07,14,19,26,30,04,97,29,8,3:3,3:3
2023153,2024-01-30,周二,03,10,12,27,29,31,03,112,28,6,4:2,3:3
2024001,2024-02-01,周四,01,09,17,19,24,30,04,100,29,9,4:2,4:2
2024002,2024-02-04,周日,13,17,21,22,24,32,02,129,19,7,3:3,5:1
2024003,2024-02-06,周二,02,04,05,15,19,22,14,67,20,8,3:3,2:4
2024004,2024-02-08,周四,02,07,08,21,23,31,04,92,29,10,4:2,3:3
2024005,2024-02-11,周日,01,03,11,26,27,32,06,100,31,10,4:2,3:3
2024006,2024-02-13,周二,16,17,21,23,25,32,01,134,16,6,4:2,5:1
2024007,2024-02-15,周四,01,04,17,18,28,30,02,98,29,9,2:4,4:2
2024008,2024-02-18,周日,06,08,11,14,15,31,16,85,25,9,3:3,1:5
2024009,2024-02-20,周二,03,05,12,15,20,27,04,82,24,7,4:2,2:4
2024010,2024-02-22,周四,01,12,13,16,23,24,15,89,23,6,3:3,2:4
2024011,2024-02-25,周日,07,09,15,24,26,28,15,109,21,6,3:3,3:3
2024012,2024-02-27,周二,05,08,22,24,27,29,15,115,24,6,3:3,4:2
2024013,2024-02-29,周四,01,18,24,26,29,31,12,129,30,8,3:3,5:1
2024014,2024-03-03,周日,08,13,20,24,29,32,06,126,24,7,2:4,4:2
2024015,2024-03-05,周二,04,12,13,17,23,28,03,97,24,8,3:3,3:3
2024016,2024-03-07,周四,04,07,08,16,26,33,03,94,29,10,2:4,2:4
2024017,2024-03-10,周日,05,12,13,14,28,33,08,105,28,9,3:3,2:4
2024018,2024-03-12,周二,07,19,22,23,24,32,04,127,25,9,3:3,5:1
2024019,2024-03-14,周四,04,05,12,13,15,21,11,70,17,6,4:2,1:5
2024020,2024-03-17,周日,02,12,18,21,23,30,03,106,28,9,2:4,4:2
2024021,2024-03-19,周二,07,13,17,20,28,31,03,116,24,8,4:2,4:2
2024022,2024-03-21,周四,01,04,11,16,32,33,04,97,32,10,3:3,2:4
2024023,2024-03-24,周日,02,03,05,09,30,32,07,81,30,8,3:3,2:4
2024024,2024-03-26,周二,02,06,23,24,29,33,09,117,31,8,3:3,4:2
2024025,2024-03-28,周四,08,17,22,25,30,33,04,135,25,6,3:3,5:1
2024026,2024-03-31,周日,02,10,11,16,23,24,04,86,22,6,2:4,2:4
2024027,2024-04-02,周二,01,08,25,27,28,31,16,120,30,9,4:2,4:2
2024028,2024-04-04,周四,07,16,19,22,26,29,15,119,22,6,3:3,4:2
2024029,2024-04-07,周日,01,08,10,14,22,32,05,87,31,10,1:5,2:4
2024030,2024-04-09,周二,01,12,18,21,25,32,11,109,31,7,3:3,4:2
2024031,2024-04-11,周四,11,12,22,25,27,32,09,129,21,8,3:3,4:2
2024032,2024-04-14,周日,01,05,09,13,18,27,04,73,26,6,5:1,2:4
2024033,2024-04-16,周二,02,17,20,21,24,26,08,110,24,8,2:4,5:1
2024034,2024-04-18,周四,01,10,23,29,31,33,15,127,32,9,5:1,4:2
2024035,2024-04-21,周日,03,04,06,12,21,33,15,79,30,9,3:3,2:4
2024036,2024-04-23,周二,01,02,03,09,14,21,11,50,20,7,4:2,1:5
2024037,2024-04-25,周四,01,13,14,24,25,29,01,106,28,7,4:2,3:3
2024038,2024-04-28,周日,13,19,23,24,25,28,09,132,15,6,4:2,5:1
2024039,2024-04-30,周二,04,10,14,17,26,33,06,104,29,8,2:4,3:3
2024040,2024-05-02,周四,01,02,09,10,16,32,14,70,31,7,2:4,1:5
2024041,2024-05-05,周日,03,18,22,25,27,30,03,125,27,8,3:3,5:1
2024042,2024-05-07,周二,01,12,14,19,26,33,14,105,32,7,3:3,3:3
2024043,2024-05-09,周四,16,21,24,25,28,32,02,146,16,5,2:4,5:1
2024044,2024-05-12,周日,02,16,19,20,27,31,16,115,29,8,3:3,4:2
2024045,2024-05-14,周二,04,09,11,23,25,27,13,99,23,6,5:1,3:3
2024046,2024-05-16,周四,05,07,08,13,14,17,14,64,12,6,4:2,1:5
2024047,2024-05-19,周日,01,03,04,06,17,33,14,64,32,7,4:2,2:4
2024048,2024-05-21,周二,05,12,28,30,31,32,01,138,27,8,2:4,4:2
2024049,2024-05-23,周四,06,07,17,18,27,29,03,104,23,5,4:2,4:2
2024050,2024-05-26,周日,01,20,22,24,27,33,12,127,32,9,3:3,5:1
2024051,2024-05-28,周二,07,10,19,25,26,29,04,116,22,8,4:2,4:2
2024052,2024-05-30,周四,04,09,22,23,28,33,07,119,29,6,3:3,4:2
2024053,2024-06-02,周日,04,06,09,15,16,32,07,82,28,10,2:4,1:5
2024054,2024-06-04,周二,05,10,16,17,19,20,10,87,15,8,3:3,3:3
2024055,2024-06-06,周四,02,03,08,13,15,16,14,57,14,7,3:3,0:6
2024056,2024-06-09,周日,09,10,11,15,21,31,04,97,22,7,5:1,2:4
2024057,2024-06-11,周二,02,06,10,11,16,23,11,68,21,8,2:4,1:5
2024058,2024-06-13,周四,02,05,10,20,23,30,15,90,28,7,2:4,3:3
2024059,2024-06-16,周日,01,08,22,27,29,32,04,119,31,7,3:3,4:2
2024060,2024-06-18,周二,06,11,14,19,30,31,10,111,25,8,3:3,3:3
2024061,2024-06-20,周四,01,14,22,24,26,32,01,119,31,7,1:5,4:2
2024062,2024-06-23,周日,09,11,18,22,24,28,10,112,19,6,2:4,4:2
2024063,2024-06-25,周二,04,05,12,18,23,31,05,93,27,7,3:3,3:3
2024064,2024-06-27,周四,03,08,10,11,12,18,01,62,15,6,2:4,1:5
2024065,2024-06-30,周日,03,07,13,21,24,29,08,97,26,9,5:1,3:3
2024066,2024-07-02,周二,07,08,18,19,21,30,01,103,23,6,3:3,4:2
2024067,2024-07-04,周四,01,10,15,17,27,31,15,101,30,8,5:1,3:3
2024068,2024-07-07,周日,01,03,04,17,31,32,05,88,31,7,4:2,3:3
2024069,2024-07-09,周二,07,11,17,23,27,32,15,117,25,6,5:1,4:2
2024070,2024-07-11,周四,04,09,10,16,18,26,11,83,22,8,1:5,2:4
2024071,2024-07-14,周日,02,07,09,11,15,20,01,64,18,5,4:2,1:5
2024072,2024-07-16,周二,02,11,15,16,19,30,15,93,28,8,3:3,2:4
2024073,2024-07-18,周四,01,07,08,22,27,33,10,98,32,8,4:2,3:3
2024074,2024-07-21,周日,09,16,21,24,28,29,09,127,20,6,3:3,4:2
2024075,2024-07-23,周二,02,07,12,18,19,23,06,81,21,6,3:3,3:3
2024076,2024-07-25,周四,04,11,14,19,22,26,16,96,22,6,2:4,3:3
2024077,2024-07-28,周日,16,17,18,22,27,29,09,129,13,6,3:3,5:1
2024078,2024-07-30,周二,06,17,22,23,29,31,16,128,25,9,4:2,5:1
2024079,2024-08-01,周四,03,05,08,11,14,21,09,62,18,7,4:2,1:5
2024080,2024-08-04,周日,02,07,08,17,23,28,04,85,26,6,3:3,3:3
2024081,2024-08-06,周二,03,04,06,07,10,14,10,44,11,4,2:4,0:6
2024082,2024-08-08,周四,05,06,19,24,28,33,16,115,28,7,3:3,4:2
2024083,2024-08-11,周日,10,14,21,26,27,33,16,131,23,7,3:3,4:2
2024084,2024-08-13,周二,01,08,10,21,25,27,02,92,26,8,4:2,3:3
2024085,2024-08-15,周四,01,11,19,20,21,22,04,94,21,6,4:2,4:2
2024086,2024-08-18,周日,11,15,19,22,29,31,09,127,20,8,5:1,4:2
2024087,2024-08-20,周二,03,09,18,23,24,33,05,110,30,6,4:2,4:2
2024088,2024-08-22,周四,05,12,14,24,31,33,01,119,28,5,3:3,3:3
2024089,2024-08-25,周日,04,05,07,10,15,22,07,63,18,8,3:3,1:5
2024090,2024-08-27,周二,13,15,17,21,25,31,07,122,18,4,6:0,4:2
2024091,2024-08-29,周四,10,12,16,17,23,26,02,104,16,8,2:4,3:3
2024092,2024-09-01,周日,08,09,13,14,30,33,11,107,25,8,3:3,2:4
2024093,2024-09-03,周二,11,15,23,28,32,33,07,142,22,7,4:2,4:2
2024094,2024-09-05,周四,07,08,10,21,22,25,11,93,18,6,3:3,3:3
2024095,2024-09-08,周日,01,09,15,24,27,30,05,106,29,7,4:2,3:3
2024096,2024-09-10,周二,01,11,21,26,27,28,02,114,27,8,4:2,4:2
2024097,2024-09-12,周四,13,16,19,22,26,27,11,123,14,7,3:3,4:2
2024098,2024-09-15,周日,01,09,12,14,17,18,01,71,17,7,3:3,2:4
2024099,2024-09-17,周二,03,05,09,10,17,22,08,66,19,7,4:2,2:4
2024100,2024-09-19,周四,07,12,13,22,25,28,04,107,21,7,3:3,3:3
2024101,2024-09-22,周日,19,21,22,25,26,31,05,144,12,5,4:2,6:0
2024102,2024-09-24,周二,03,07,12,14,19,30,11,85,27,6,3:3,2:4
2024103,2024-09-26,周四,03,05,08,14,19,23,08,72,20,7,4:2,2:4
2024104,2024-09-29,周日,01,02,04,12,19,25,01,63,24,10,3:3,2:4
2024105,2024-10-01,周二,07,15,18,20,25,27,08,112,20,7,4:2,4:2
2024106,2024-10-03,周四,03,04,05,29,30,32,16,103,29,4,3:3,3:3
2024107,2024-10-06,周日,01,04,11,12,26,28,08,82,27,10,2:4,2:4
2024108,2024-10-08,周二,12,21,22,23,24,29,08,131,17,7,3:3,5:1
2024109,2024-10-10,周四,01,11,20,22,24,25,15,103,24,9,3:3,4:2
2024110,2024-10-13,周日,08,11,12,13,26,33,13,103,25,9,3:3,2:4
2024111,2024-10-15,周二,09,17,19,26,27,33,06,131,24,7,5:1,5:1
2024112,2024-10-17,周四,01,08,18,25,26,28,08,106,27,7,2:4,4:2
2024113,2024-10-20,周日,05,13,17,18,26,30,01,109,25,5,3:3,4:2
2024114,2024-10-22,周二,04,05,06,19,26,32,02,92,28,8,2:4,3:3
2024115,2024-10-24,周四,04,08,21,22,29,32,15,116,28,10,2:4,4:2
2024116,2024-10-27,周日,07,12,15,18,21,31,01,104,24,7,4:2,3:3
2024117,2024-10-29,周二,02,06,11,17,20,32,08,88,30,8,2:4,3:3
2024118,2024-10-31,周四,15,16,26,27,31,33,16,148,18,8,4:2,4:2
2024119,2024-11-03,周日,03,05,06,18,21,32,05,85,29,8,3:3,3:3
2024120,2024-11-05,周二,02,10,19,20,27,30,02,108,28,7,2:4,4:2
2024121,2024-11-07,周四,01,12,24,27,31,33,15,128,32,10,4:2,4:2
2024122,2024-11-10,周日,06,14,16,17,30,33,07,116,27,8,2:4,3:3
2024123,2024-11-12,周二,02,13,21,23,26,29,01,114,27,8,4:2,4:2
2024124,2024-11-14,周四,09,15,16,18,21,30,06,109,21,6,3:3,3:3
2024125,2024-11-17,周日,08,10,16,19,21,23,12,97,15,6,3:3,3:3
2024126,2024-11-19,周二,06,11,13,15,16,25,16,86,19,6,4:2,1:5
2024127,2024-11-21,周四,07,17,19,23,24,27,15,117,20,8,5:1,5:1
2024128,2024-11-24,周日,02,12,18,23,27,28,08,110,26,7,2:4,4:2
2024129,2024-11-26,周二,03,12,13,16,19,23,06,86,20,6,4:2,2:4
2024130,2024-11-28,周四,04,06,11,21,23,24,07,89,20,8,3:3,3:3
2024131,2024-12-01,周日,03,04,07,09,19,25,06,67,22,8,5:1,2:4
2024132,2024-12-03,周二,05,12,15,17,28,32,14,109,27,10,3:3,3:3
2024133,2024-12-05,周四,22,23,26,28,31,32,02,162,10,4,2:4,6:0
2024134,2024-12-08,周日,05,07,13,14,21,22,15,82,17,5,4:2,2:4
2024135,2024-12-10,周二,01,08,13,16,21,31,10,90,30,7,4:2,2:4
2024136,2024-12-12,周四,03,18,22,24,32,33,09,132,30,9,2:4,5:1
2024137,2024-12-15,周日,05,06,07,15,18,26,13,77,21,7,3:3,2:4
2024138,2024-12-17,周二,01,02,06,10,17,22,14,58,21,7,2:4,2:4
2024139,2024-12-19,周四,02,07,14,17,19,31,14,90,29,6,4:2,3:3
2024140,2024-12-22,周日,03,13,18,26,32,33,14,125,30,9,3:3,4:2
2024141,2024-12-24,周二,06,07,08,26,29,30,10,106,24,6,2:4,3:3
2024142,2024-12-26,周四,02,03,04,12,14,17,16,52,15,7,2:4,1:5
2024143,2024-12-29,周日,15,21,25,27,28,30,11,146,15,7,4:2,5:1
2024144,2024-12-31,周二,04,06,09,18,21,24,02,82,20,6,2:4,3:3
2024145,2025-01-02,周四,05,11,13,18,24,32,01,103,27,6,3:3,3:3
2024146,2025-01-05,周日,01,10,18,20,23,27,16,99,26,8,3:3,4:2
2024147,2025-01-07,周二,01,12,15,18,19,33,01,98,32,7,4:2,3:3
2024148,2025-01-09,周四,01,02,08,20,22,29,11,82,28,8,2:4,3:3
2024149,2025-01-12,周日,02,10,11,28,31,33,11,115,31,10,3:3,3:3
2024150,2025-01-14,周二,10,15,21,23,30,31,03,130,21,9,4:2,4:2
2024151,2025-01-16,周四,03,04,14,27,30,31,14,109,28,8,3:3,3:3
2024152,2025-01-19,周日,01,08,14,20,24,33,01,100,32,7,2:4,3:3
2024153,2025-01-21,周二,15,16,19,25,30,33,09,138,18,8,4:2,4:2
2025001,2025-01-23,周四,08,20,23,28,32,33,07,144,25,8,2:4,5:1
2025002,2025-01-26,周日,04,06,08,19,24,29,12,90,25,8,2:4,3:3
2025003,2025-01-28,周二,04,05,13,21,26,28,10,97,24,9,3:3,3:3
2025004,2025-01-30,周四,05,13,21,22,30,32,08,123,27,6,3:3,4:2
2025005,2025-02-02,周日,03,07,08,15,19,28,05,80,25,8,4:2,2:4
2025006,2025-02-04,周二,01,21,23,26,27,30,10,128,29,8,4:2,5:1
2025007,2025-02-06,周四,08,12,15,21,25,27,09,108,19,7,4:2,3:3
2025008,2025-02-09,周日,03,06,13,18,24,26,01,90,23,10,2:4,3:3
2025009,2025-02-11,周二,01,07,12,22,23,25,14,90,24,9,4:2,3:3
2025010,2025-02-13,周四,01,09,11,12,32,33,13,98,32,8,4:2,2:4
2025011,2025-02-16,周日,04,05,06,09,11,17,14,52,13,6,4:2,1:5
2025012,2025-02-18,周二,05,12,13,26,27,30,12,113,25,8,3:3,3:3
2025013,2025-02-20,周四,04,11,23,26,27,29,06,120,25,9,4:2,4:2
2025014,2025-02-23,周日,05,07,14,19,24,33,07,102,28,6,4:2,3:3
2025015,2025-02-25,周二,11,15,18,22,23,26,15,115,15,4,3:3,4:2
2025016,2025-02-27,周四,01,05,09,11,17,27,04,70,26,5,6:0,2:4
2025017,2025-03-02,周日,08,11,25,27,30,31,05,132,23,8,4:2,4:2
2025018,2025-03-04,周二,10,14,24,25,26,29,06,128,19,7,2:4,4:2
2025019,2025-03-06,周四,16,18,19,23,27,33,14,136,17,9,4:2,5:1
2025020,2025-03-09,周日,03,11,15,20,21,29,15,99,26,7,5:1,3:3
2025021,2025-03-11,周二,04,05,09,16,17,30,02,81,26,7,3:3,2:4
2025022,2025-03-13,周四,09,10,12,18,28,30,08,107,21,8,1:5,3:3
2025023,2025-03-16,周日,12,19,23,25,30,32,12,141,20,5,3:3,5:1
2025024,2025-03-18,周二,06,20,22,23,28,33,06,132,27,9,2:4,5:1
2025025,2025-03-20,周四,12,18,20,23,24,26,09,123,14,5,1:5,5:1
2025026,2025-03-23,周日,02,07,11,13,21,30,16,84,28,8,4:2,2:4
2025027,2025-03-25,周二,03,05,19,22,24,28,02,101,25,8,3:3,4:2
2025028,2025-03-27,周四,15,19,23,25,26,31,10,139,16,7,5:1,5:1
2025029,2025-03-30,周日,05,10,17,19,28,29,14,108,24,8,4:2,4:2
2025030,2025-04-01,周二,12,15,16,27,31,33,12,134,21,8,4:2,3:3
2025031,2025-04-03,周四,06,09,14,20,28,32,03,109,26,8,1:5,3:3
2025032,2025-04-06,周日,04,12,22,24,27,33,04,122,29,10,2:4,4:2
2025033,2025-04-08,周二,05,08,23,29,30,32,03,127,27,8,3:3,4:2
2025034,2025-04-10,周四,03,05,10,13,14,32,11,77,29,10,3:3,1:5
2025035,2025-04-13,周日,03,10,16,23,24,30,07,106,27,4,2:4,3:3
2025036,2025-04-15,周二,02,03,15,20,25,30,12,95,28,7,3:3,3:3
2025037,2025-04-17,周四,02,05,11,13,14,26,16,71,24,7,3:3,1:5
2025038,2025-04-20,周日,17,20,23,25,28,29,10,142,12,5,4:2,6:0
2025039,2025-04-22,周二,02,12,16,19,27,31,02,107,29,8,3:3,3:3
2025040,2025-04-24,周四,05,06,08,10,12,33,12,74,28,7,2:4,1:5
2025041,2025-04-27,周日,04,07,15,17,20,21,07,84,17,8,4:2,3:3
2025042,2025-04-29,周二,14,19,21,25,31,33,15,143,19,7,5:1,5:1
2025043,2025-05-01,周四,04,05,11,26,30,32,15,108,28,8,2:4,3:3
2025044,2025-05-04,周日,02,03,15,28,30,31,01,109,29,7,3:3,3:3
2025045,2025-05-06,周二,04,07,08,16,30,31,05,96,27,8,2:4,2:4
2025046,2025-05-08,周四,04,10,14,19,23,28,11,98,24,6,2:4,3:3
2025047,2025-05-11,周日,05,08,16,19,21,24,03,93,19,4,3:3,3:3
2025048,2025-05-13,周二,06,11,15,20,29,33,03,114,27,4,4:2,3:3
2025049,2025-05-15,周四,02,07,12,19,26,33,01,99,31,6,3:3,3:3
2025050,2025-05-18,周日,05,10,14,16,28,30,13,103,25,8,1:5,2:4
2025051,2025-05-20,周二,04,06,09,15,16,29,12,79,25,10,3:3,1:5
2025052,2025-05-22,周四,04,07,09,16,21,29,09,86,25,8,4:2,2:4
2025053,2025-05-25,周日,01,03,07,11,21,25,07,68,24,5,6:0,2:4
2025054,2025-05-27,周二,03,11,19,20,32,33,16,118,30,7,4:2,4:2
2025055,2025-05-29,周四,01,07,15,19,27,29,16,98,28,7,6:0,3:3
2025056,2025-06-01,周日,07,14,16,19,31,32,14,119,25,9,3:3,3:3
2025057,2025-06-03,周二,06,09,15,20,24,25,02,99,19,8,3:3,3:3
2025058,2025-06-05,周四,04,06,14,16,31,32,16,103,28,8,1:5,2:4
2025059,2025-06-08,周日,01,09,14,20,28,31,13,103,30,7,3:3,3:3
2025060,2025-06-10,周二,12,14,15,19,27,30,05,117,18,8,3:3,3:3
2025061,2025-06-12,周四,03,04,07,18,25,33,05,90,30,9,4:2,3:3
2025062,2025-06-15,周日,02,18,20,24,26,27,09,117,25,8,1:5,5:1
2025063,2025-06-17,周二,01,02,03,12,22,23,13,63,22,4,3:3,2:4
2025064,2025-06-19,周四,04,14,20,24,25,29,07,116,25,7,2:4,4:2
2025065,2025-06-22,周日,04,07,09,14,25,30,14,89,26,6,3:3,2:4
2025066,2025-06-24,周二,10,20,21,24,26,32,10,133,22,8,1:5,5:1
2025067,2025-06-26,周四,06,12,16,19,25,32,15,110,26,6,2:4,3:3
2025068,2025-06-29,周日,02,16,20,22,31,33,15,124,31,8,2:4,4:2
2025069,2025-07-01,周二,12,20,21,22,28,31,16,134,19,6,2:4,5:1
2025070,2025-07-03,周四,04,08,12,13,16,22,08,75,18,6,1:5,1:5
2025071,2025-07-06,周日,02,03,15,17,18,33,11,88,31,6,4:2,3:3
2025072,2025-07-08,周二,07,09,20,21,24,28,03,109,21,9,3:3,4:2
2025073,2025-07-10,周四,05,06,09,11,15,21,10,67,16,6,5:1,1:5
2025074,2025-07-13,周日,02,03,04,23,26,33,15,91,31,9,3:3,3:3
2025075,2025-07-15,周二,03,07,14,17,19,31,16,91,28,8,5:1,3:3
2025076,2025-07-17,周四,02,05,09,12,16,21,11,65,19,6,3:3,1:5
2025077,2025-07-20,周日,08,09,17,25,30,31,01,120,23,7,4:2,4:2
2025078,2025-07-22,周二,05,07,09,15,20,29,04,85,24,9,5:1,2:4
2025079,2025-07-24,周四,07,09,16,27,28,31,01,118,24,10,4:2,3:3
2025080,2025-07-27,周日,06,12,16,17,25,27,10,103,21,8,3:3,3:3
2025081,2025-07-29,周二,05,06,11,21,27,33,07,103,28,6,5:1,3:3
2025082,2025-07-31,周四,10,14,15,27,28,31,13,125,21,6,3:3,3:3
2025083,2025-08-03,周日,06,07,18,27,32,33,11,123,27,8,3:3,4:2
2025084,2025-08-05,周二,05,10,15,20,23,32,10,105,27,7,3:3,3:3
2025085,2025-08-07,周四,06,07,19,21,28,29,13,110,23,8,4:2,4:2
2025086,2025-08-10,周日,16,20,21,23,29,32,16,141,16,8,3:3,5:1
2025087,2025-08-12,周二,02,03,04,12,24,30,02,75,28,9,1:5,2:4
2025088,2025-08-14,周四,12,13,19,24,26,27,16,121,15,7,3:3,4:2
2025089,2025-08-17,周日,04,08,13,17,18,31,10,91,27,5,3:3,3:3
2025090,2025-08-19,周二,05,09,11,17,25,26,07,93,21,8,5:1,3:3
2025091,2025-08-21,周四,01,15,17,18,23,32,01,106,31,8,4:2,4:2
2025092,2025-08-24,周日,05,07,10,14,24,32,05,92,27,10,2:4,2:4
2025093,2025-08-26,周二,03,10,13,21,24,31,01,102,28,4,4:2,3:3
2025094,2025-08-28,周四,07,08,11,13,21,27,01,87,20,8,5:1,2:4
2025095,2025-08-31,周日,07,10,12,24,25,26,04,104,19,7,2:4,3:3
2025096,2025-09-02,周二,01,08,10,11,16,25,10,71,24,8,3:3,1:5
2025097,2025-09-04,周四,01,09,10,11,23,32,09,86,31,7,4:2,2:4
2025098,2025-09-07,周日,11,12,17,25,32,33,12,130,22,7,4:2,4:2
2025099,2025-09-09,周二,07,16,21,28,29,31,05,132,24,10,4:2,4:2
2025100,2025-09-11,周四,01,15,21,25,28,31,12,121,30,7,5:1,4:2
2025101,2025-09-14,周日,04,06,11,14,30,32,05,97,28,8,1:5,2:4
2025102,2025-09-16,周二,02,08,11,27,28,30,01,106,28,8,2:4,3:3
2025103,2025-09-18,周四,02,07,17,19,31,33,08,109,31,7,5:1,4:2
2025104,2025-09-21,周日,01,15,17,30,31,32,05,126,31,5,4:2,4:2
2025105,2025-09-23,周二,02,13,18,22,25,31,08,111,29,9,3:3,4:2
2025106,2025-09-25,周四,06,08,21,23,25,27,11,110,21,3,4:2,4:2
2025107,2025-09-28,周日,06,13,20,21,22,24,05,106,18,7,2:4,4:2
2025108,2025-09-30,周二,02,04,13,14,18,32,01,83,30,9,1:5,2:4
2025109,2025-10-02,周四,01,05,14,20,30,32,10,102,31,10,2:4,3:3
2025110,2025-10-05,周日,03,09,12,19,20,21,04,84,18,8,4:2,3:3
2025111,2025-10-07,周二,09,16,18,19,20,31,07,113,22,7,3:3,4:2
2025112,2025-10-09,周四,04,09,14,15,20,32,09,94,28,6,2:4,2:4
2025113,2025-10-12,周日,04,06,13,14,23,32,04,92,28,6,2:4,2:4
2025114,2025-10-14,周二,13,14,25,27,29,30,02,138,17,7,4:2,4:2
2025115,2025-10-16,周四,01,10,11,26,31,33,12,112,32,10,4:2,3:3
2025116,2025-10-19,周日,07,13,16,28,29,31,06,124,24,8,4:2,3:3
2025117,2025-10-21,周二,04,05,21,26,28,32,04,116,28,10,2:4,4:2
2025118,2025-10-23,周四,04,05,08,13,14,18,10,62,14,5,2:4,1:5
2025119,2025-10-26,周日,11,19,21,28,29,30,12,138,19,5,4:2,5:1
2025120,2025-10-28,周二,06,09,15,24,25,27,03,106,21,7,4:2,3:3
2025121,2025-10-30,周四,11,15,17,22,24,26,06,115,15,4,3:3,4:2
2025122,2025-11-02,周日,02,14,24,25,27,33,11,125,31,10,3:3,4:2
2025123,2025-11-04,周二,06,08,15,31,32,33,14,125,27,7,3:3,3:3
2025124,2025-11-06,周四,09,13,14,17,21,22,09,96,13,4,4:2,3:3
2025125,2025-11-09,周日,14,17,18,24,26,33,10,132,19,8,2:4,5:1
2025126,2025-11-11,周二,03,07,08,15,16,21,14,70,18,6,4:2,1:5
2025127,2025-11-13,周四,09,14,17,19,29,31,07,119,22,6,5:1,4:2
2025128,2025-11-16,周日,07,08,25,27,31,32,14,130,25,8,4:2,4:2
2025129,2025-11-18,周二,01,06,12,21,22,26,09,88,25,8,2:4,3:3
2025130,2025-11-20,周四,02,11,13,15,25,28,09,94,26,8,4:2,2:4
2025131,2025-11-23,周日,04,12,18,29,30,31,02,124,27,9,2:4,4:2
2025132,2025-11-25,周二,02,07,23,25,26,27,15,110,25,8,4:2,4:2
2025133,2025-11-27,周四,05,06,15,22,31,32,15,111,27,4,3:3,3:3
2025134,2025-11-30,周日,05,12,14,17,21,24,15,93,19,5,3:3,3:3
2025135,2025-12-02,周二,13,20,23,29,32,33,08,150,20,7,4:2,5:1
2025136,2025-12-04,周四,01,05,08,16,18,23,04,71,22,8,3:3,2:4
2025137,2025-12-07,周日,01,10,13,20,24,26,05,94,25,10,2:4,3:3
2025138,2025-12-09,周二,02,04,10,14,32,33,05,95,31,10,1:5,2:4
2025139,2025-12-11,周四,05,08,15,17,22,29,13,96,24,6,4:2,3:3
2025140,2025-12-14,周日,02,10,11,15,18,19,04,75,17,5,3:3,2:4
2025141,2025-12-16,周二,01,02,04,06,09,28,14,50,27,7,2:4,1:5
2025142,2025-12-18,周四,05,11,13,15,19,26,02,89,21,6,5:1,2:4
2025143,2025-12-21,周日,03,05,11,16,23,31,09,89,28,8,5:1,2:4
2025144,2025-12-23,周二,09,13,15,17,25,29,05,108,20,4,6:0,3:3
2025145,2025-12-25,周四,02,06,11,14,15,30,02,78,28,8,2:4,1:5
2025146,2025-12-28,周日,01,05,06,14,16,23,07,65,22,9,3:3,1:5
2025147,2025-12-30,周二,03,08,13,19,30,33,06,106,30,8,4:2,3:3
2025148,2026-01-01,周四,01,05,09,14,22,24,08,75,23,7,3:3,2:4
2025149,2026-01-04,周日,06,11,16,17,19,31,03,100,25,9,4:2,3:3
2025150,2026-01-06,周二,05,21,22,23,24,28,11,123,23,7,3:3,5:1
2025151,2026-01-08,周四,07,09,20,23,30,31,10,120,24,9,4:2,4:2
2025152,2026-01-11,周日,02,03,07,17,22,24,11,75,22,8,3:3,3:3
2025153,2026-01-13,周二,01,10,16,20,21,29,12,97,28,8,3:3,3:3
2026001,2026-01-15,周四,01,09,11,20,25,27,15,93,26,8,5:1,3:3
2026002,2026-01-18,周日,01,09,12,13,16,23,02,74,22,6,4:2,1:5
2026003,2026-01-20,周二,01,10,11,19,28,31,05,100,30,7,4:2,3:3
2026004,2026-01-22,周四,01,03,12,19,22,30,01,87,29,8,3:3,3:3
2026005,2026-01-25,周日,01,02,23,26,30,32,01,114,31,10,2:4,4:2
2026006,2026-01-27,周二,07,08,11,12,16,30,05,84,23,6,2:4,1:5
2026007,2026-01-29,周四,10,13,15,17,27,33,14,115,23,9,5:1,3:3
2026008,2026-02-01,周日,12,17,19,27,28,29,08,132,17,7,4:2,5:1
2026009,2026-02-03,周二,10,15,17,21,22,32,07,117,22,7,3:3,4:2
2026010,2026-02-05,周四,09,11,22,23,29,31,01,125,22,8,5:1,4:2
2026011,2026-02-08,周日,05,07,08,17,24,30,01,91,25,10,3:3,3:3
2026012,2026-02-10,周二,03,04,19,21,23,31,15,101,28,9,5:1,4:2
2026013,2026-02-12,周四,05,07,08,15,26,30,04,91,25,10,3:3,2:4
2026014,2026-02-15,周日,02,13,20,23,29,31,02,118,29,8,4:2,4:2
2026015,2026-02-17,周二,06,10,12,22,23,29,08,102,23,8,2:4,3:3
2026016,2026-02-19,周四,11,12,15,16,22,31,02,107,20,8,3:3,2:4
2026017,2026-02-22,周日,02,04,06,17,21,31,09,81,29,7,3:3,3:3
2026018,2026-02-24,周二,03,04,08,12,17,32,09,76,29,7,2:4,2:4
2026019,2026-02-26,周四,03,07,18,23,25,32,13,108,29,9,4:2,4:2
2026020,2026-03-01,周日,01,03,05,10,13,18,08,50,17,7,4:2,1:5
2026021,2026-03-03,周二,07,16,17,18,19,27,14,104,20,4,4:2,4:2
2026022,2026-03-05,周四,01,05,07,09,14,26,10,62,25,8,4:2,1:5
2026023,2026-03-08,周日,21,23,24,25,26,32,01,151,11,5,3:3,6:0
2026024,2026-03-10,周二,03,10,19,26,32,33,11,123,30,6,3:3,4:2
2026025,2026-03-12,周四,09,11,12,15,28,31,12,106,22,6,4:2,2:4
2026026,2026-03-15,周日,01,17,20,21,28,32,07,119,31,8,3:3,5:1
2026027,2026-03-17,周二,01,02,03,07,10,13,11,36,12,7,4:2,0:6
2026028,2026-03-19,周四,04,12,18,20,29,33,02,116,29,9,2:4,4:2
2026029,2026-03-22,周日,06,12,23,24,27,32,12,124,26,10,2:4,4:2
2026030,2026-03-24,周二,01,05,12,21,28,32,01,99,31,4,3:3,3:3
2026031,2026-03-26,周四,02,13,17,25,30,32,12,119,30,9,3:3,4:2
2026032,2026-03-29,周日,02,04,07,19,31,33,14,96,31,7,4:2,3:3
2026033,2026-03-31,周二,10,18,22,23,27,28,07,128,18,6,2:4,5:1
2026034,2026-04-02,周四,03,04,09,15,22,27,01,80,24,6,4:2,2:4
2026035,2026-04-05,周日,03,15,19,25,30,33,12,125,30,10,5:1,4:2
2026036,2026-04-07,周二,02,07,21,23,24,30,01,107,28,10,3:3,4:2
2026037,2026-04-09,周四,02,04,07,19,22,26,02,80,24,8,2:4,3:3
2026038,2026-04-12,周日,04,05,12,22,24,30,08,97,26,8,1:5,3:3
2026039,2026-04-14,周二,13,20,23,24,25,26,07,131,13,6,3:3,5:1
2026040,2026-04-16,周四,09,25,26,27,28,33,05,148,24,7,4:2,5:1
2026041,2026-04-19,周日,03,12,19,20,28,32,16,114,29,7,2:4,4:2
2026042,2026-04-21,周二,01,07,09,23,32,33,05,105,32,10,5:1,3:3
2026043,2026-04-23,周四,12,17,18,21,26,28,08,122,16,8,2:4,5:1
2026044,2026-04-26,周日,02,13,15,23,27,32,02,112,30,10,4:2,3:3
2026045,2026-04-28,周二,02,03,05,20,23,26,12,79,24,6,3:3,3:3
2026046,2026-04-30,周四,01,03,18,26,27,29,09,104,28,8,4:2,4:2
2026047,2026-05-03,周日,02,05,07,17,20,27,02,78,25,7,4:2,3:3
2026048,2026-05-05,周二,01,02,08,12,18,30,03,71,29,8,1:5,2:4
2026049,2026-05-07,周四,06,09,10,11,21,25,01,82,19,7,4:2,2:4
2026050,2026-05-10,周日,08,11,16,20,22,28,16,105,20,7,1:5,3:3
2026051,2026-05-12,周二,02,17,19,26,30,33,15,127,31,9,3:3,5:1
2026052,2026-05-14,周四,02,07,12,13,19,23,03,76,21,6,4:2,2:4
2026053,2026-05-17,周日,08,10,24,25,26,28,01,121,20,5,1:5,4:2
2026054,2026-05-19,周二,02,03,05,28,29,30,16,97,28,4,3:3,3:3
2026055,2026-05-21,周四,10,12,16,24,27,28,03,117,18,8,1:5,3:3
2026056,2026-05-24,周日,02,07,16,21,22,27,14,95,25,5,3:3,3:3
2026057,2026-05-26,周二,02,03,08,19,22,29,07,83,27,10,3:3,3:3
2026058,2026-05-28,周四,09,11,18,23,32,33,12,126,24,8,4:2,4:2
2026059,2026-05-31,周日,04,09,17,20,21,31,04,102,27,9,4:2,4:2
2026060,2026-06-02,周二,02,19,20,22,25,31,13,119,29,8,3:3,5:1
2026061,2026-06-04,周四,06,08,10,22,30,33,12,109,27,9,1:5,3:3
2026062,2026-06-07,周日,02,07,09,11,14,24,16,67,22,7,3:3,1:5
2026063,2026-06-09,周二,01,11,12,13,17,18,03,72,17,6,4:2,2:4
2026064,2026-06-11,周四,05,06,13,17,20,27,11,88,22,7,4:2,3:3
2026065,2026-06-14,周日,07,08,12,22,27,32,15,108,25,5,2:4,3:3
2026066,2026-06-16,周二,03,07,19,27,30,31,14,117,28,7,5:1,4:2
2026067,2026-06-18,周四,03,05,06,07,09,32,08,62,29,5,4:2,1:5
2026068,2026-06-21,周日,03,12,14,15,19,28,01,91,25,8,3:3,2:4
2026069,2026-06-23,周二,09,11,18,26,29,31,04,124,22,8,4:2,4:2
2026070,2026-06-25,周四,06,08,09,14,16,22,09,75,16,6,1:5,1:5
2026071,2026-06-28,周日,08,11,22,24,30,31,06,126,23,10,2:4,4:2
2026072,2026-06-30,周二,09,15,18,26,27,30,16,125,21,7,3:3,4:2
2026073,2026-07-02,周四,03,06,09,23,26,32,15,99,29,4,3:3,3:3
2026074,2026-06-30,周二,02,23,24,26,28,32,04,135,30,8,1:5,5:1
2026075,2026-07-02,周四,08,12,18,21,24,30,01,113,22,5,1:5,4:2
2026076,2026-07-05,周日,01,03,19,20,24,25,07,92,24,8,4:2,4:2
2026077,2026-07-07,周二,01,04,05,14,18,25,04,67,24,8,3:3,2:4
2026078,2026-07-09,周四,07,11,14,16,27,28,06,103,21,10,3:3,2:4
2026079,2026-07-12,周日,01,11,17,22,24,29,04,104,28,8,4:2,4:2
2026080,2026-07-14,周二,04,05,11,19,27,32,01,98,28,9,4:2,3:3
2026081,2026-07-16,周四,06,10,12,15,24,27,12,94,21,7,2:4,2:4
2026082,2026-07-19,周日,05,07,10,14,21,28,04,85,23,7,3:3,2:4
2026083,2026-07-21,周二,07,14,15,23,28,33,03,120,26,8,4:2,3:3
2026084,2026-07-23,周四,01,05,06,10,12,16,05,50,15,5,2:4,0:6
2026085,2026-07-26,周日,06,09,13,17,24,28,15,97,22,4,3:3,3:3
2026086,2026-07-28,周二,02,05,14,25,30,32,05,108,30,10,2:4,3:3
2026087,2026-07-30,周四,04,06,10,18,23,31,11,92,27,8,2:4,3:3
2026088,2026-08-02,周日,06,07,11,18,22,33,05,97,27,6,3:3,3:3
2026089,2026-08-04,周二,05,18,23,24,27,33,03,130,28,8,4:2,5:1
2026090,2026-08-06,周四,02,04,15,23,25,27,03,96,25,6,4:2,3:3
2026091,2026-08-09,周日,02,13,14,16,20,24,05,89,22,8,1:5,2:4
2026092,2026-08-11,周二,09,11,12,25,30,33,11,120,24,8,4:2,3:3
2026093,2026-08-13,周四,05,08,15,20,21,24,09,93,19,8,3:3,3:3
2026094,2026-08-16,周日,06,13,15,17,24,25,01,100,19,6,4:2,3:3
2026095,2026-08-18,周二,04,06,14,21,22,33,16,100,29,9,2:4,3:3
2026096,2026-08-20,周四,01,04,16,22,26,31,04,100,30,9,2:4,3:3
2026097,2026-08-23,周日,05,16,24,26,29,30,02,130,25,10,2:4,4:2
2026098,2026-08-25,周二,08,16,18,22,25,26,07,115,18,7,1:5,4:2
2026099,2026-08-27,周四,01,12,14,18,30,31,02,106,30,8,2:4,3:3
2026100,2026-08-30,周日,03,04,09,13,22,31,04,82,28,7,4:2,2:4
2026101,2026-09-01,周二,05,06,08,09,24,25,12,77,20,5,3:3,2:4
2026102,2026-09-03,周四,03,04,10,13,16,25,09,71,22,6,3:3,1:5
2026103,2026-09-06,周日,04,11,20,27,28,30,15,120,26,8,2:4,4:2
2026104,2026-09-08,周二,11,12,13,19,20,31,03,106,20,6,4:2,3:3
2026105,2026-09-10,周四,02,04,13,14,15,30,08,78,28,7,2:4,1:5
2026106,2026-09-13,周日,06,11,13,14,22,30,14,96,24,7,2:4,2:4
2026107,2026-09-15,周二,01,05,09,17,24,33,04,89,32,7,5:1,3:3
2026108,2026-09-17,周四,06,11,13,14,20,28,16,92,22,7,2:4,2:4
2026109,2026-09-20,周日,09,12,15,26,30,33,06,125,24,6,3:3,3:3
2026110,2026-09-22,周二,02,05,16,19,26,32,14,100,30,8,2:4,3:3
2026111,2026-09-24,周四,06,07,14,22,31,32,05,112,26,7,2:4,3:3
2026112,2026-09-27,周日,01,04,11,12,17,29,11,74,28,10,4:2,2:4
2026113,2026-09-30,周三,03,04,20,24,29,30,11,110,27,8,2:4,4:2
2026114,2026-10-06,周二,07,18,23,24,29,31,10,132,24,7,4:2,5:1
2026115,2026-10-08,周四,04,13,14,18,22,24,03,95,20,7,1:5,3:3
